R_kpc,z_kpc,b1,b2,b3,b4,b5,b6,b7,b8,b9,b10,b11,b12,b13,b14,b15,b16,b17,b18,b19,b20,b21,b22,b23,b24,b25,b26,b27,b28,b29,b30,b31,b32,b33,b34,b35,b36,b37,b38,b39,b40,b41,b42,b43,b44,b45,b46,b47,b48,b49,b50,b51,b52,b53,b54,b55,b56,b57,b58,b59,b60,b61,b62,b63,b64,b65,b66,b67,b68,b69,b70,b71,b72,b73,b74,b75,b76,b77,b78,b79,b80,b81,b82,b83,b84,b85,b86,b87,b88,b89,b90,b91,b92,b93,b94,b95,b96,b97,b98,b99,b100
7.79,0.3,185.828,196.801,211.356,213.018,175.62,202.76,225.824,193.769,173.275,190.459,208.095,193.207,193.233,189.291,192.145,197.395,194.908,200.514,199.638,205.361,198.873,194.513,196.087,205.075,191.085,205.536,194.156,196.444,203.604,208.951,201.395,198.311,201.688,199.547,195.947,193.459,194.13,195.926,202.791,205.244,204.844,207.401,202.331,215.571,208.656,202.65,208.259,189.706,192.6,202.896,203.907,204.11,201.05,205.943,199.489,211.571,208.56,196.932,199.361,207.795,206.214,215.8,211.719,200.412,200.829,205.313,206.612,204.876,208.454,208.82,207.022,200.981,206.349,204.351,212.781,200.978,209.606,215.335,220.902,206.744,208.338,211.77,213.542,209.314,199.437,204.846,214.556,216.292,205.76,205.246,210.76,222.994,214.452,217.327,204.807,208.303,211.896,211.497,220.515,217.531
7.79,0.421,317.449,334.281,361.522,365.434,299.746,347.308,386.685,331.375,295.543,325.856,355.701,330.604,329.801,323.952,328.993,337.618,333.92,343.526,342.58,352.185,340.653,333.214,336.417,351.723,326.804,353.063,332.994,336.888,350.035,358.773,346.325,340.67,347.094,342.533,336.097,332.149,333.625,336.769,348.491,353.493,352.701,357.004,347.975,371.459,359.357,349.173,358.924,326.556,331.779,349.243,351.732,352.342,346.492,355.741,344.351,365.118,360.329,339.216,343.756,358.972,355.881,373.609,366.178,345.635,347.124,355.273,356.95,354.092,360.737,361.677,358.117,347.896,357.19,354.046,368.275,347.979,363.386,373.167,383.043,357.91,360.878,366.889,369.938,362.309,345.795,355.07,371.7,375.717,356.403,355.732,365.24,387.41,372.046,377.13,355.025,360.822,368.154,366.887,383.382,378.117
7.79,0.516,432.941,453.799,493.119,499.497,408.69,474.331,527.662,452.16,402.8,444.818,484.971,451.314,449.392,442.343,449.347,460.677,456.23,469.28,468.561,481.389,465.317,455.246,460.103,480.797,445.995,483.178,455.353,460.605,479.355,490.787,474.404,466.343,475.719,468.614,459.595,454.558,456.899,461.244,477.117,484.721,483.545,489.298,476.695,509.399,492.709,478.995,492.37,447.837,455.2,478.729,482.881,483.988,475.423,488.868,473.063,501.324,495.205,465.319,471.869,493.312,488.727,514.142,503.603,474.507,477.323,488.872,490.578,486.828,496.384,497.975,492.644,478.904,491.622,487.642,506.746,479.1,500.676,513.919,527.672,492.637,496.921,505.214,509.36,498.617,476.622,489.223,511.79,518.327,490.786,490.096,503.07,534.415,512.799,519.872,489.187,496.849,508.028,505.705,529.179,521.871
7.79,0.621,570.553,595.02,649.488,659.242,538.635,625.67,695.048,596.02,530.707,586.651,638.517,595.205,591.594,583.592,592.951,607.199,602.189,619.225,619.061,635.489,613.976,600.874,607.9,634.775,588.056,638.654,601.581,608.375,634.065,648.377,627.74,616.697,629.826,619.304,607.146,601.024,604.546,610.326,630.967,641.997,640.335,647.7,630.799,674.577,652.462,634.737,652.357,593.487,603.467,633.892,640.369,642.21,630.187,648.938,627.856,664.8,657.354,616.695,625.768,654.813,648.304,683.31,668.95,629.34,634.107,649.846,651.271,646.576,659.782,662.284,654.637,636.918,653.639,648.848,673.47,637.28,666.346,683.562,701.968,655.002,660.954,671.947,677.357,662.828,634.743,651.187,680.593,690.629,652.876,652.289,669.302,711.899,682.654,692.124,651.182,660.871,677.161,673.293,705.405,695.649
7.79,0.726,717.731,744.705,816.017,829.807,677.864,787.338,873.036,749.734,667.759,738.384,801.994,749.092,743.321,734.825,746.697,763.681,758.448,779.568,780.314,800.271,772.976,756.787,766.324,799.47,739.996,805.219,758.373,766.703,800.027,817.013,792.375,778.048,795.408,780.838,765.291,758.265,763.204,770.51,795.991,811.008,808.806,817.738,796.257,851.843,824.037,802.296,824.316,750.474,763.295,800.635,809.958,812.742,796.812,821.52,794.84,840.683,832.13,779.722,791.601,828.887,820.187,865.825,847.296,796.202,803.449,823.777,824.542,818.994,836.269,839.879,829.546,807.866,828.733,823.295,853.425,808.434,845.589,866.835,890.196,830.458,838.294,852.117,858.812,840.199,806.179,826.553,862.919,877.226,828.197,827.867,849.053,903.91,866.389,878.433,826.607,838.205,860.509,854.68,896.295,883.934
7.79,0.84,886.15,914.637,1005.7,1024.47,837.52,972,1075.39,925.43,824.955,912.012,988.161,925.132,916.571,908.027,922.75,942.446,937.344,962.921,965.017,988.653,954.841,935.302,947.877,987.798,913.846,995.941,938.129,948.083,990.285,1009.9,981.277,963.13,985.508,965.945,946.516,938.727,945.431,954.465,985.172,1005.04,1002.21,1012.76,986.095,1055.05,1020.9,994.88,1021.75,931.283,947.375,992.094,1005.01,1009.03,988.458,1020.21,987.223,1042.77,1033.28,967.309,982.484,1029.23,1017.91,1076,1052.66,988.292,998.747,1024.4,1024.05,1017.7,1039.76,1044.76,1031.16,1005.29,1030.73,1024.78,1060.76,1006.11,1052.55,1078.14,1107.1,1032.84,1042.93,1059.91,1067.99,1044.71,1004.54,1029.2,1073.1,1092.8,1030.6,1030.72,1056.49,1125.49,1078.45,1093.44,1029.35,1042.84,1072.54,1064.17,1116.84,1101.54
7.79,0.944,1046.75,1075.53,1185.7,1209.5,990.107,1147.71,1267.02,1092.77,975.243,1077.56,1164.81,1092.93,1081.45,1073.31,1090.71,1112.61,1107.97,1137.59,1141.23,1168.05,1128.14,1105.58,1121.18,1167.18,1079.6,1177.81,1109.79,1121.17,1171.91,1193.64,1161.77,1139.94,1167.23,1142.62,1119.51,1111.23,1119.74,1130.39,1165.78,1190.5,1187.08,1198.99,1167.47,1248.98,1208.97,1179.16,1210.48,1104.68,1123.9,1175.14,1191.77,1197.1,1171.97,1210.6,1171.72,1236.06,1225.97,1147.03,1165.4,1221.15,1207.25,1277.39,1249.46,1172.38,1186.2,1216.98,1215.23,1208.29,1235.02,1241.43,1224.56,1195.01,1224.64,1218.4,1259.55,1196.1,1251.36,1280.83,1315.06,1227.11,1239.42,1259.3,1268.62,1240.93,1195.5,1224.03,1274.69,1299.96,1225.04,1225.7,1255.68,1338.19,1282.08,1299.86,1224.29,1239.33,1276.5,1265.45,1328.78,1310.71
7.79,1.054,1223.43,1251.34,1382.73,1412.28,1158.37,1340.52,1476.29,1276.61,1141.05,1259.62,1358.12,1277.41,1262.51,1255.24,1275.56,1299.45,1295.69,1329.49,1335.12,1365.05,1318.61,1292.94,1311.97,1364.21,1261.93,1377.78,1298.88,1311.67,1371.84,1395.47,1360.61,1334.73,1367.53,1337.07,1309.96,1301.41,1312.01,1324.4,1364.6,1394.88,1390.8,1404.03,1367.28,1462.34,1416.09,1382.47,1418.45,1296.44,1319.07,1376.92,1397.91,1404.82,1374.57,1420.89,1375.69,1449.16,1438.73,1345.56,1367.48,1433.06,1416.24,1499.78,1466.83,1375.79,1393.6,1430.03,1426.43,1419.01,1450.96,1459,1438.39,1405.16,1439.19,1432.85,1479.21,1406.55,1471.46,1504.91,1544.79,1442.01,1456.84,1479.81,1490.4,1457.91,1407.36,1439.91,1497.53,1529.33,1440.31,1441.71,1476.11,1573.44,1507.37,1528.22,1440.33,1456.77,1502.56,1488.31,1563.42,1542.38
8.17,0.292,161.144,171.934,183.736,181.774,151.586,173.734,196.265,166.049,150.061,162.662,180.547,165.997,170.615,162.496,165.348,170.284,167.351,173.678,171.393,176.25,172.831,167.346,167.716,177.759,164.951,177.562,167.83,168.96,174.967,181.196,173.631,171.039,172.969,172.933,168.867,165.79,166.082,168.939,176.007,176.055,176.908,178.601,175.283,186.929,180.9,174.549,179.328,162.451,164.795,175.686,173.827,174.445,173.713,175.802,170.019,182.871,178.145,170.077,170.802,177.283,177.696,184.156,181.556,173.198,171.155,174.994,176.963,175.905,178.792,177.825,176.69,170.97,176.027,173.425,182.939,170.31,178.61,184.528,188.816,175.802,177.817,180.648,181.695,179.553,169.133,174.589,184.158,183.98,175.907,175.196,180.624,190.226,183.199,185.878,175.301,178.424,180.092,180.868,187.669,185.06
8.17,0.414,279.904,297.371,319.932,317.317,262.927,302.74,342.257,288.773,260.106,282.908,314.121,288.859,296.289,282.739,287.903,296.305,291.573,302.695,299.136,307.53,301.158,291.559,292.586,310.172,286.926,310.271,292.71,294.688,305.933,316.547,303.655,298.798,302.704,301.924,294.571,289.418,290.185,295.275,307.664,308.383,309.816,312.706,306.62,327.73,316.943,305.881,314.363,284.243,288.579,307.586,304.907,306.246,304.485,308.839,298.375,321.056,313.049,297.911,299.481,311.484,311.935,324.349,319.437,303.787,300.779,307.923,310.971,309.237,314.738,313.224,310.848,300.875,309.872,305.481,322.14,299.748,314.921,325.354,333.149,309.481,313.267,318.344,320.162,316.163,298.082,307.728,324.613,325.087,309.883,308.792,318.426,336.277,323.329,328.18,309.049,314.386,318.23,319.16,331.942,327.229
8.17,0.524,400.729,423.923,458.514,455.778,376.161,434.33,490.902,413.731,371.945,405.432,449.927,414.078,423.914,405.344,412.939,424.65,418.383,434.34,429.799,441.654,432.079,418.357,420.292,445.438,411.19,446.128,420.385,423.207,440.184,454.991,437.01,429.67,435.907,433.903,423.095,416.02,417.438,424.828,442.555,444.365,446.343,450.375,441.34,472.404,456.699,440.962,453.223,409.472,415.958,443.046,439.93,442.169,439.057,446.146,430.768,463.405,452.297,429.401,432.016,449.991,450.299,469.421,461.952,438.314,434.727,445.468,449.316,446.993,455.417,453.477,449.589,435.394,448.427,442.363,466.169,433.816,456.309,471.303,482.801,447.867,453.606,461.01,463.59,457.565,431.943,445.84,470.125,471.797,448.719,447.36,461.288,488.1,468.785,475.92,447.819,455.273,461.938,462.723,482.09,475.169
8.17,0.645,545.652,574.387,624.335,622.053,512.11,592.279,668.671,563.61,506.169,552.546,612.362,564.401,576.591,552.653,563.198,578.557,570.814,592.42,587.069,602.834,589.281,570.775,574.039,607.959,560.333,609.67,574.064,577.85,602.024,621.461,597.876,587.409,596.747,592.785,577.78,568.656,571.031,581.167,605.09,608.635,611.213,616.496,603.845,646.986,625.414,604.308,621.021,561.06,570.217,606.614,603.428,606.918,601.88,612.667,591.338,635.637,621.149,588.489,592.542,617.938,617.88,645.63,634.923,601.247,597.43,612.671,617.117,614.221,626.383,624.087,618.138,599.1,616.912,609.044,641.122,597.011,628.498,648.821,664.824,616.144,624.356,634.545,637.992,629.437,595.234,614.119,647.054,650.756,617.7,616.162,635.162,673.161,645.959,655.876,616.918,626.7,637.386,637.657,665.343,655.745
8.17,0.718,638.404,669.976,730.122,728.421,599.244,693.333,781.961,659.496,592.188,646.759,715.971,660.638,674.059,647.041,659.475,676.979,668.488,693.597,687.921,706.038,689.899,668.442,672.669,711.999,655.808,714.517,672.639,677.009,705.907,728.074,701.194,688.67,700.13,694.677,676.983,666.694,669.765,681.635,709.38,714.238,717.17,723.183,708.205,759.068,733.794,709.409,728.9,658.744,669.64,711.738,708.737,713.11,706.699,720.041,694.911,746.456,730,690.921,695.978,726.207,725.819,759.333,746.488,706.219,702.494,720.682,725.319,722.132,736.783,734.339,726.955,704.964,725.771,716.865,754.031,702.567,739.863,763.488,782.377,724.868,734.716,746.665,750.636,740.427,701.032,723.019,761.315,766.609,726.955,725.38,747.553,792.865,760.535,772.238,726.354,737.497,751.063,750.832,784.006,772.697
8.17,0.795,739.961,774.085,845.618,844.77,694.779,803.907,905.521,764.439,686.501,749.954,829.085,766.016,780.573,750.469,764.961,784.655,775.5,804.339,798.457,819.02,800.036,775.448,780.809,825.878,760.352,829.39,780.714,785.692,819.826,844.788,814.547,799.74,813.615,806.355,785.729,774.282,778.178,791.92,823.716,830.163,833.46,840.211,822.688,881.958,852.693,824.858,847.319,766.196,779.009,827.12,824.498,829.898,821.879,838.15,808.887,868.157,849.71,803.506,809.72,845.278,844.459,884.44,869.217,821.634,818.194,839.645,844.339,840.896,858.335,855.79,846.751,821.66,845.679,835.733,878.282,818.939,862.61,889.746,911.781,844.626,856.299,870.149,874.667,862.629,817.811,843.107,887.107,894.366,847.356,845.802,871.376,924.772,886.792,900.448,847.034,859.561,876.505,875.59,914.872,901.699
8.17,0.921,913.893,951.132,1042.56,1043.63,858.747,993.026,1115.84,944.042,848.392,926.765,1021.96,946.476,962.501,927.776,945.753,968.812,958.883,993.84,987.946,1012.38,988.521,958.826,966.301,1020.72,939.398,1026.18,966.085,972.028,1015.23,1044.51,1009.1,990.337,1008.53,997.797,972.205,959.056,964.496,981.368,1019.76,1029.25,1033.13,1040.99,1019.14,1092.63,1056.71,1023.31,1050.67,951.307,967.42,1025.25,1023.67,1030.96,1019.98,1041.53,1005.29,1077.25,1055.78,997.222,1005.54,1050.26,1048.54,1099.9,1080.54,1020.29,1017.74,1044.84,1049.28,1045.55,1067.88,1065.3,1053.25,1023.18,1052.52,1041.03,1092.32,1019.94,1074.51,1107.38,1134.75,1051.21,1066.07,1083.09,1088.48,1073.29,1019.83,1050.57,1103.9,1115.02,1055.17,1053.79,1085,1152.34,1104.65,1121.64,1055.52,1070.15,1093.37,1090.98,1140.9,1124.57
8.17,1.055,1108.11,1147.23,1261.2,1264.97,1042.37,1203.76,1348.79,1144.4,1029.73,1124.29,1236.09,1147.94,1164.99,1125.98,1147.78,1174.06,1163.75,1205.15,1199.68,1227.99,1198.73,1163.69,1173.73,1237.92,1139.32,1245.86,1173.38,1180.29,1233.67,1267.16,1226.77,1203.55,1226.78,1211.7,1180.66,1165.99,1173.32,1193.56,1238.85,1252.13,1256.58,1265.49,1238.88,1327.92,1284.83,1245.71,1278.27,1159.37,1179.16,1247.02,1247.13,1256.68,1242.12,1269.88,1226.04,1311.37,1287.05,1214.59,1225.39,1280.32,1277.41,1341.76,1317.75,1243.25,1242.23,1275.67,1279.38,1275.53,1303.44,1300.99,1285.37,1250.21,1285.23,1272.31,1332.67,1246.43,1313.06,1351.95,1385.16,1283.61,1302.1,1322.53,1328.8,1310.08,1247.89,1284.37,1347.48,1363.53,1289.12,1288.12,1325.34,1408.28,1349.76,1370.43,1290.46,1307.08,1337.9,1333.49,1395.43,1375.65
8.66,0.289,139.735,146.601,157.805,153.485,130.712,147.566,168.411,140.061,129.763,136.788,155.185,140.98,149.871,137.964,141.093,145.556,142.306,149.443,146.121,149.713,149.368,142.825,142.063,153.218,140.995,152.925,144.553,144.389,149.795,156.384,149.603,147.06,148.073,149.669,144.749,141.259,141.463,145.831,153.028,150.866,153.149,153.578,152.194,162.387,157.415,150.983,154.451,139.549,141.469,152.732,148.037,149.735,151.237,150.899,145.361,159.134,152.866,147.748,146.848,151.841,154.418,158.668,157.205,150.923,146.846,150.42,152.746,152.712,155.328,152.936,152.137,146.851,151.674,148.483,159.579,145.28,154.088,160.676,163.532,150.538,153.498,155.768,155.749,156.214,145.276,150.862,160.623,158.989,152.605,151.899,157.214,165.063,159.177,161.599,152.776,155.225,155.723,157.465,162.577,160.24
8.66,0.379,214.682,224.93,243.2,236.828,200.512,227.348,259.924,215.445,198.97,210.358,238.967,216.944,230.437,212.239,217.197,224.051,219.171,230.294,225.341,230.92,230.146,219.975,218.969,236.329,216.928,236.069,222.78,222.551,231.298,241.433,231.013,226.914,228.736,230.873,223.126,217.806,218.235,225.051,236.266,233.22,236.736,237.384,235.079,251.311,243.445,233.457,238.929,215.419,218.524,236.041,229.031,231.784,233.878,233.694,224.901,246.439,236.823,228.352,227.106,235.197,239.066,246.216,243.771,233.495,227.408,233.179,236.628,236.626,240.914,237.261,235.835,227.608,235.201,230.298,247.594,225.175,239.21,249.504,254.107,233.439,238.175,241.768,241.739,242.334,225.341,234.105,249.386,247.201,236.751,235.715,244.079,256.794,247.312,251.172,237.119,240.887,242.084,244.599,252.981,249.27
8.66,0.481,310.088,324.233,352.248,343.565,289.239,329.314,376.96,311.603,286.889,304.213,345.828,313.905,332.985,307.04,314.405,324.229,317.425,333.648,326.804,334.897,333.379,318.591,317.427,342.702,313.814,342.656,322.873,322.58,335.882,350.43,335.493,329.283,332.353,334.878,323.442,315.885,316.701,326.66,343.014,339.113,344.173,345.077,341.473,365.723,354.058,339.555,347.642,312.886,317.604,343.084,333.378,337.576,340.214,340.528,327.43,358.957,345.194,332.007,330.451,342.775,348.17,359.493,355.644,339.839,331.416,340.176,344.897,344.988,351.598,346.399,344.013,332.038,343.237,336.209,361.431,328.513,349.506,364.559,371.525,340.677,347.792,353.128,353.084,353.734,329.059,341.931,364.324,361.76,345.666,344.267,356.597,375.959,361.605,367.379,346.381,351.784,354.256,357.579,370.509,364.979
8.66,0.586,416.84,434.809,474.324,463.422,388.525,443.684,508.023,419.365,385.227,409.454,465.37,422.619,447.568,413.37,423.47,436.475,427.712,449.573,440.844,451.679,449.142,429.277,428.097,462.093,422.409,462.466,435.302,434.954,453.579,472.866,453.098,444.428,449.1,451.738,436.145,426.227,427.579,441.027,463.053,458.49,465.224,466.381,461.22,494.628,478.668,459.222,470.241,422.831,429.431,463.664,451.253,457.156,460.175,461.349,443.35,485.964,467.764,448.922,447.164,464.443,471.397,487.813,482.259,459.906,449.154,461.4,467.349,467.602,476.973,470.136,466.52,450.43,465.671,456.368,490.338,445.707,474.67,495.001,504.706,462.229,472.089,479.4,479.334,479.934,446.851,464.303,494.595,491.964,469.163,467.434,484.209,511.356,491.335,499.302,470.367,477.515,481.805,485.829,504.166,496.562
8.66,0.702,543.552,565.321,619.021,605.957,506.504,579.623,663.295,547.434,502.047,534.646,606.999,551.874,583.253,539.877,553.226,569.787,558.964,587.342,576.682,590.635,586.691,560.99,559.981,604.024,551.484,605.105,569.169,568.771,593.902,618.492,593.348,581.674,588.473,590.857,570.358,557.846,559.95,577.454,606.03,601.041,609.675,611.083,603.98,648.329,627.293,602.189,616.644,554.343,563.241,607.529,592.323,600.33,603.527,606.072,582.234,637.714,614.57,588.652,586.828,610.172,618.775,641.668,633.957,603.5,590.365,606.867,614.014,614.533,627.334,618.691,613.441,592.632,612.615,600.771,644.837,586.532,625.057,651.506,664.531,608.147,621.325,630.974,630.878,631.289,588.597,611.387,650.851,648.583,617.45,615.426,637.413,674.093,647.174,657.773,619.354,628.434,635.34,639.931,664.986,654.906
9.14,0.309,138.167,141.363,153.773,147.927,128.729,143.024,163.768,134.26,128.028,130.773,151.521,136.308,148.978,133.353,137.258,141.84,137.927,146.29,142.202,145.074,146.726,139.04,137.208,150.164,137.256,150.029,141.879,140.803,146.34,153.435,147.155,144.175,144.888,147.592,141.478,137.484,137.775,143.872,151.757,147.793,151.517,150.727,150.857,160.874,156.412,149.606,151.945,137.476,139.332,151.77,144.56,147.716,150.993,149.006,142.73,158.59,150.857,147.06,144.922,149.518,154.134,157.728,156.794,150.879,145,148.995,151.799,152.84,155.768,151.743,150.982,145.449,150.73,146.589,160.695,142.721,153.562,161.821,163.744,148.499,152.948,155.041,153.917,156.992,144.153,150.639,162.006,159.111,152.994,152.29,158.215,165.972,160.132,162.614,154.082,156.118,156.024,158.739,163.309,160.856
9.14,0.387,197.465,201.921,220.549,212.289,183.648,204.944,235.261,192.086,182.592,187.023,217.126,195.09,213.222,190.785,196.514,203.105,197.561,209.718,203.945,208.126,210.327,199.168,196.656,215.471,196.432,215.411,203.369,201.837,210.13,220.361,211.31,206.886,208.099,211.765,202.829,197.11,197.611,206.459,217.933,212.424,217.796,216.652,216.711,231.558,224.961,215.08,218.561,197.265,200.05,218.126,207.89,212.531,217.099,214.476,205.235,228.352,217.222,211.326,208.339,215.255,221.841,227.455,225.973,217.021,208.67,214.627,218.57,220.109,224.52,218.737,217.498,209.461,217.194,211.234,231.713,205.521,221.492,233.493,236.423,213.973,220.516,223.603,221.987,226.322,207.709,217.177,233.737,229.809,220.54,219.56,228.24,239.873,231.149,234.825,222.186,225.121,225.299,229.085,236.047,232.431
9.14,0.474,269.625,275.492,302.119,291.045,250.373,280.57,322.732,262.608,248.857,255.617,297.171,266.801,291.472,260.835,268.837,277.852,270.392,287.211,279.47,285.259,288.013,272.599,269.342,295.342,268.607,295.458,278.52,276.447,288.276,302.302,289.901,283.646,285.582,290.27,277.834,270.05,270.858,283.078,298.969,291.714,299.086,297.507,297.401,318.352,309.068,295.42,300.349,270.512,274.493,299.485,285.683,292.185,298.22,294.977,282.023,314.088,298.856,290.149,286.195,296.106,305.034,313.372,311.14,298.238,286.975,295.434,300.692,302.861,309.187,301.288,299.379,288.274,299.051,290.894,319.184,282.86,305.261,321.859,326.107,294.627,303.788,308.124,305.914,311.715,286.045,299.198,322.157,317.14,303.761,302.47,314.573,331.189,318.776,323.961,306.132,310.152,310.867,315.868,325.966,320.89
9.14,0.583,367.427,374.97,412.923,398.287,340.764,383.399,441.655,358.439,338.593,348.862,405.801,364.261,397.498,356.051,367.167,379.385,369.47,392.577,382.338,390.294,393.615,372.48,368.352,404.02,366.657,404.502,380.791,378.014,394.834,413.888,397.061,388.246,391.325,397.147,379.94,369.454,370.753,387.51,409.366,399.984,410.017,407.851,407.408,436.843,423.839,405.132,412.075,370.499,376.173,410.479,392.093,401.159,408.993,405.164,387.091,431.269,410.616,397.768,392.623,406.792,418.766,431.144,427.783,409.22,394.219,406.191,413.093,416.141,425.197,414.509,411.569,396.339,411.269,400.208,439.004,388.956,420.231,443.023,449.168,405.235,418.001,424.064,421.065,428.723,393.6,411.753,443.365,437.155,417.871,416.207,432.982,456.655,439.043,446.328,421.287,426.737,428.487,434.97,449.6,442.504
9.14,0.704,484.572,493.74,545.706,527.214,449.116,506.898,584.162,473.572,446.129,460.991,535.876,481.343,524.29,470.499,485.331,501.216,488.596,519.075,506.122,516.605,520.353,492.538,487.567,534.541,484.384,535.627,503.749,500.179,523.155,547.975,526.094,514.151,518.8,525.622,502.749,489.207,491.187,513.257,542.117,530.545,543.653,540.789,539.8,579.52,562.031,537.424,546.804,491.176,498.944,544.145,520.688,532.845,542.546,538.364,514.143,572.576,545.724,527.542,521.157,540.614,556.008,573.627,568.777,543.123,524.003,540.285,548.929,553.055,565.511,551.643,547.319,527.278,547.137,532.751,583.828,517.605,559.564,589.615,598.142,539.229,556.325,564.466,560.561,570.236,524.125,548.177,589.963,582.737,556.027,553.994,576.321,608.728,584.714,594.551,560.765,567.839,571.239,579.244,599.6,590.068
9.14,0.791,573.811,583.932,646.751,625.624,531.784,601.129,692.533,561.508,528.162,546.725,634.819,570.749,620.658,557.957,575.581,594.115,579.612,615.544,600.725,613.066,616.976,584.237,578.761,634.075,574.237,635.729,597.663,593.526,621.256,650.251,624.729,610.388,616.353,623.692,596.58,580.853,583.41,609.405,643.45,630.461,645.816,642.425,640.936,688.484,667.598,638.651,649.879,583.675,593.064,646.301,619.297,633.8,644.72,640.503,611.634,680.643,649.314,626.868,619.667,643.233,661.057,682.893,676.832,645.628,623.64,643.238,653.043,658.002,673.109,656.946,651.479,627.899,651.443,634.654,694.787,616.547,666.594,702.011,712.403,642.157,662.525,672.24,667.673,678.737,624.569,653.008,702.332,694.618,662.074,659.818,686.299,725.473,696.518,708.304,667.859,676.094,681.014,689.997,714.867,703.485
9.54,0.367,166.088,166.709,182.875,174.93,154.384,169.728,194.448,157.987,153.748,153.721,180.445,161.36,179.466,157.838,163.259,168.949,163.628,174.64,169.331,172.22,175.492,165.507,162.405,179.344,163.274,179.391,169.762,167.866,174.642,183.349,176.453,172.412,173.171,177.218,168.88,163.727,164.221,172.918,183.035,176.772,182.502,180.464,181.91,193.866,188.915,180.535,182.234,165.191,167.412,183.426,172.745,177.848,183.234,179.614,171.222,192.096,181.745,178.034,174.48,179.826,187.134,191.204,190.374,183.316,174.782,180.062,183.837,186.079,189.978,183.677,182.74,175.864,182.643,176.786,196.535,171.48,186.53,198.048,199.611,178.946,185.712,188.123,185.782,191.806,174.601,183.243,198.448,193.99,186.608,185.786,193.531,203.023,195.903,198.926,188.779,190.864,190.425,194.487,199.706,196.607
9.54,0.42,204.784,205.476,226.04,216.254,190.103,209.614,240.619,194.894,189.288,189.571,222.897,199.115,221.545,194.711,201.511,208.569,202.022,215.777,209.252,212.867,216.825,204.359,200.589,221.731,201.482,221.874,209.723,207.375,215.996,226.823,218.251,213.151,214.208,219.093,208.65,202.272,202.937,213.783,226.429,218.771,225.898,223.362,225.079,240.2,233.94,223.477,225.662,204.197,207.028,227.026,213.848,220.246,226.846,222.494,211.945,238.052,225.193,220.321,215.96,222.784,231.826,237.152,236.04,227.008,216.474,223.161,227.788,230.6,235.564,227.746,226.491,217.913,226.411,219.14,243.768,212.461,231.378,245.746,247.789,221.816,230.306,233.344,230.438,237.861,216.419,227.232,246.231,240.849,231.391,230.391,240.104,252.18,243.141,246.96,234.139,236.729,236.384,241.347,248.069,244.17
9.54,0.539,298.381,299.138,330.838,316.729,276.373,306.421,352.884,284.373,275.102,276.485,325.845,290.668,323.436,284.114,294.304,304.644,295.218,315.658,306.289,311.679,317.166,298.66,293.375,324.748,294.111,325.219,306.78,303.355,316.653,332.587,319.983,312.234,314.145,320.884,305.275,295.971,297.109,313.178,331.998,321.129,331.625,327.885,330.161,353.205,343.669,328.14,331.576,299.134,303.514,333.222,314.139,323.724,333.137,327.197,311.313,350.209,331.322,323.347,317.111,327.708,340.878,349.542,347.653,333.559,318.299,328.52,335.122,339.337,347.01,335.551,333.425,320.71,333.43,322.766,359.242,312.681,341.16,362.455,365.774,326.669,339.405,344.006,339.743,350.458,318.751,334.872,363.125,355.713,340.916,339.514,354.069,372.7,358.809,364.621,345.113,348.914,349.038,356.072,366.692,360.806
9.54,0.673,413.608,414.234,460.232,441.135,382.545,426.08,491.625,394.973,380.675,383.976,452.796,403.812,448.845,394.627,409.007,423.263,410.507,439.104,426.47,434.034,441.138,415.278,408.34,452.165,408.513,453.203,426.855,422.153,441.462,463.519,446.096,435.002,438.174,446.848,424.874,412.109,413.922,436.338,462.711,448.236,462.786,457.59,460.38,493.447,479.771,458.076,463.145,416.982,423.362,464.905,438.933,452.463,465.059,457.518,434.987,489.546,463.451,451.216,442.85,458.343,476.385,489.61,486.613,465.907,445.139,459.853,468.684,474.641,485.811,470.013,466.653,448.913,466.844,452.127,502.989,437.78,478.171,507.889,512.937,457.472,475.47,482.033,476.149,490.684,446.56,469.189,508.742,499.239,477.437,475.607,496.143,523.216,503.105,511.438,483.48,488.721,489.844,499.18,514.968,506.591
9.88,0.283,102.629,101.85,111.297,106.207,95.7526,103.588,117.746,96.3857,95.5139,93.9604,110.124,98.6152,110.505,96.5836,99.983,103.48,99.9656,106.751,103.423,104.892,107.351,101.294,98.9928,109.369,100.041,109.361,104.006,102.698,106.459,111.58,107.834,105.351,105.632,108.551,103.336,100.12,100.421,106.001,112.209,107.667,111.576,109.94,111.433,118.12,115.478,110.524,110.935,101.356,102.573,112.433,105.162,108.601,112.529,109.701,104.501,117.368,110.845,109.325,106.743,109.606,114.732,116.7,116.388,112.592,106.833,109.987,112.48,114.176,116.483,112.148,111.71,107.621,111.678,107.832,120.551,104.547,113.995,121.397,121.898,109.067,113.542,114.882,113.098,117.697,106.883,112.226,121.705,118.495,114.452,113.952,118.678,124.005,120.007,121.694,116.023,117.114,116.501,119.323,122.012,120.177
9.88,0.35,143.985,142.809,156.69,149.482,134.057,145.602,166.056,135.22,133.7,131.738,154.907,138.43,155.357,135.511,140.416,145.391,140.434,150.181,145.487,147.601,151.034,142.333,139.118,154.01,140.462,154.07,146.274,144.408,149.945,157.266,151.916,148.307,148.8,152.849,145.336,140.766,141.236,149.238,158.159,151.78,157.367,155.026,157.094,166.856,162.998,155.886,156.534,142.626,144.42,158.576,148.269,153.229,158.762,154.841,147.321,165.829,156.516,154.14,150.496,154.728,162.016,165.039,164.533,158.907,150.74,155.344,158.85,161.295,164.686,158.503,157.805,151.942,157.794,152.31,170.536,147.552,161.214,171.821,172.618,154.066,160.523,162.468,159.922,166.439,150.954,158.64,172.254,167.8,161.801,161.104,167.923,175.751,169.891,172.35,164.086,165.642,164.927,168.887,172.915,170.258
9.88,0.488,239.433,237.197,262.2,250.108,222.121,243.017,278.713,224.969,221.458,218.965,258.803,230.535,259.244,225.491,234.031,242.464,234.205,251.029,243.217,246.88,252.471,237.452,232.205,257.869,233.984,258.211,244.407,241.229,251.237,263.75,254.623,248.25,249.399,255.911,242.864,235.139,236.082,249.852,265.266,254.734,264.286,260.275,263.591,280.966,274.094,261.831,263.141,238.635,241.89,266.298,248.97,257.596,266.783,260.49,247.341,279.37,263.489,258.736,252.667,260.374,272.702,278.582,277.509,267.209,253.468,261.667,267.464,271.714,277.83,267.309,265.865,255.784,265.964,256.639,287.952,248.29,272.179,290.41,292.043,259.604,270.85,274.276,269.937,280.883,254.321,267.627,291.12,283.962,272.957,271.827,283.699,297.81,287.293,291.663,276.998,279.643,278.976,285.494,293.006,288.347
9.88,0.649,364.842,360.999,401.686,383.437,337.566,371.725,428.01,343.366,336.449,334.031,395.884,352.075,396,344.202,357.635,370.54,358.141,384.375,372.67,378.405,386.562,363.15,355.464,395.412,357.344,396.336,374.238,369.359,385.707,405.003,390.959,380.777,383.069,392.434,371.959,360.18,361.869,383.269,407.33,391.699,406.438,400.236,404.982,432.939,421.871,402.777,405.127,366.099,371.437,409.448,383.202,396.761,410.476,401.461,380.674,430.737,406.311,397.804,388.714,401.408,420.207,430.49,428.475,411.422,390.603,403.805,412.414,419.09,429.066,412.92,410.272,394.618,410.62,396.313,444.892,383.067,420.83,449.128,452.104,400.822,418.517,423.981,417.311,433.869,392.74,413.548,450.16,439.902,421.636,420.003,438.682,461.695,444.614,451.638,428.102,432.151,432.079,441.706,454.366,446.969
10.24,0.32,116.46,114.468,125.117,119.231,108.846,116.627,132.032,108.47,108.739,105.996,123.971,111.061,125.231,108.873,112.814,116.805,112.611,120.4,116.633,118.042,121.116,114.28,111.371,123.168,112.871,123.183,117.507,115.92,119.959,125.509,121.765,118.869,119.103,122.764,116.671,112.973,113.361,119.932,127.111,121.306,126.149,123.928,126.153,133.329,130.597,125.118,125.008,114.715,116.011,127.42,118.496,122.712,127.747,124.051,117.969,132.785,125.22,124.036,120.74,123.73,130.183,132.098,131.837,127.888,120.861,124.448,127.41,129.662,132.29,126.929,126.505,121.991,126.52,121.909,136.996,118.104,129.186,137.954,138.175,123.219,128.67,130.099,127.754,133.794,121.237,127.373,138.341,134.393,130.028,129.484,134.897,140.68,136.362,138.127,132.077,133.141,132.301,135.742,138.496,136.439
10.24,0.444,193.469,189.847,209.142,199.133,180.099,194.326,221.409,180.043,179.879,175.725,206.905,184.589,208.879,180.784,187.697,194.509,187.447,200.996,194.65,197.101,202.232,190.329,185.493,205.99,187.711,206.195,196.069,193.325,200.687,210.264,203.824,198.686,199.307,205.318,194.664,188.357,189.124,200.532,213.012,203.284,211.637,207.793,211.478,224.342,219.441,209.923,209.878,191.622,193.991,213.79,198.615,206.003,214.487,208.404,197.716,223.537,210.518,207.993,202.421,207.908,218.941,222.745,222.162,214.869,202.91,209.331,214.292,218.234,222.995,213.779,212.865,205.047,212.983,205.072,231.189,198.357,217.847,233.026,233.594,207.303,216.855,219.383,215.342,225.626,203.92,214.618,233.679,227.195,219.146,218.25,227.735,238.216,230.421,233.585,222.781,224.599,223.542,229.294,234.483,230.857
10.24,0.587,293.126,287.197,318.705,303.386,271.947,295.392,338.347,272.831,271.543,266.042,314.81,280.016,317.536,274.043,284.98,295.462,284.756,306.014,296.388,300.241,307.931,289.24,282.015,314.133,284.858,314.742,298.441,294.168,306.264,321.161,311.173,302.948,304.273,313.123,296.317,286.623,287.977,305.836,325.408,310.745,323.73,317.736,323.21,344.013,336.08,321.165,321.336,292.115,296.021,327.011,303.773,315.448,328.307,319.334,302.388,342.97,322.782,318.049,309.576,318.657,335.647,342.401,341.263,329.121,310.8,321.172,328.637,334.858,342.639,328.367,326.645,314.432,326.976,314.745,355.511,304.053,334.978,358.673,359.869,318.163,333.259,337.301,331.03,346.789,312.963,329.786,359.657,350.125,336.732,335.414,350.408,367.55,354.846,359.967,342.552,345.348,344.366,353.003,361.804,356.033
10.64,0.304,100.135,97.7641,106.292,101.28,94.0229,99.45,111.71,92.8564,94.0821,91.0939,105.541,94.9418,107.228,93.2327,96.4954,99.852,96.1717,102.691,99.4971,100.477,103.303,97.654,94.9934,104.771,96.5432,104.755,100.419,99.0095,102.114,106.521,103.79,101.352,101.423,104.832,99.656,96.5059,96.8312,102.471,108.538,103.139,107.455,105.367,107.635,113.164,111.12,106.695,106.141,98.1235,99.1096,108.753,100.754,104.453,109.124,105.622,100.486,112.863,106.466,106.007,102.971,105.179,111.04,112.252,112.118,109.255,103.006,105.919,108.519,110.606,112.731,107.96,107.714,104.084,107.734,103.717,116.682,100.558,109.897,117.427,117.317,104.748,109.491,110.599,108.433,114.068,103.461,108.56,117.768,114.2,110.865,110.419,114.911,119.382,116.056,117.359,112.726,113.493,112.605,115.675,117.636,115.965
10.64,0.425,168.706,164.338,180.181,171.441,157.725,167.961,190.008,156.138,157.801,152.972,178.629,159.905,181.47,156.865,162.728,168.576,162.238,173.836,168.33,170.068,174.926,164.861,160.319,177.696,162.746,177.824,169.896,167.395,173.206,180.989,176.191,171.772,172.079,177.829,168.577,163.087,163.744,173.761,184.534,175.257,182.874,179.17,183.05,193.208,189.453,181.594,180.737,166.185,168.037,185.131,171.206,177.839,185.909,179.973,170.754,192.807,181.545,180.339,175.075,179.24,189.499,192.055,191.717,186.266,175.377,180.716,185.171,188.908,192.85,184.453,183.864,177.438,183.982,176.934,199.88,171.234,188.023,201.348,201.303,178.726,187.224,189.227,185.402,195.239,176.495,185.586,201.944,195.919,189.609,188.859,196.905,205.207,199.056,201.457,192.984,194.316,193.074,198.336,202.154,199.147
10.64,0.566,258.149,250.932,277.35,263.664,240.402,257.725,293.388,238.66,240.475,233.552,274.527,244.77,278.792,239.906,249.375,258.539,248.731,267.287,258.76,261.536,269.028,252.901,245.944,273.718,249.292,274.173,261.138,257.151,266.916,279.273,271.689,264.487,265.271,273.964,259.09,250.487,251.664,267.663,284.87,270.558,282.641,276.739,282.689,299.466,293.261,280.706,279.547,255.789,258.91,286.166,264.386,275.076,287.596,278.581,263.697,299.032,281.211,278.639,270.444,277.5,293.633,298.382,297.67,288.359,271.318,280.111,286.964,292.976,299.547,286.268,285.078,274.846,285.397,274.283,310.797,265.031,292.179,313.38,313.562,277.079,290.77,294.029,287.962,303.384,273.602,288.179,314.31,305.206,294.483,293.355,306.319,320.179,309.943,313.924,299.984,302.064,300.639,308.727,315.383,310.51
10.95,0.296,91.2806,88.7898,96.0731,91.5761,86.0368,90.1668,100.668,84.5226,86.1814,83.1705,95.5384,86.2832,97.397,84.8485,87.6927,90.6725,87.3157,93.0902,90.2108,90.9623,93.6396,88.6644,86.1849,94.7845,87.73,94.753,91.159,89.8466,92.4376,96.2028,94.0229,91.8543,91.8363,95.0718,90.4381,87.604,87.8848,92.979,98.3831,93.284,97.2479,95.2777,97.516,102.115,100.447,96.6313,95.8717,89.1328,89.9491,98.535,91.1303,94.5072,98.9083,95.57,91.009,101.923,96.2335,96.1457,93.3001,95.0741,100.527,101.358,101.284,99.0273,93.2826,95.7989,98.1711,100.13,101.959,97.5783,97.4303,94.3108,97.4474,93.8039,105.458,91.0365,99.3104,106.08,105.809,94.6796,98.9676,99.898,97.8709,103.188,93.7554,98.2343,106.388,103.076,100.319,99.9305,103.877,107.603,104.84,105.882,102.045,102.654,101.758,104.586,106.111,104.664
10.95,0.415,154.507,149.887,163.58,155.654,144.99,152.926,171.993,142.695,145.224,140.23,162.423,145.923,165.631,143.347,148.514,153.749,147.912,158.283,153.272,154.613,159.276,150.325,146.042,161.473,148.524,161.558,154.914,152.56,157.473,164.186,160.323,156.358,156.487,162.012,153.652,148.669,149.243,158.378,168.06,159.2,166.266,162.733,166.618,175.165,172.067,165.226,163.977,151.622,153.174,168.531,155.51,161.623,169.313,163.578,155.316,174.947,164.834,164.332,159.342,162.738,172.38,174.229,174.012,169.639,159.528,164.187,168.294,171.835,175.265,167.477,167.074,161.502,167.181,160.728,181.547,155.684,170.702,182.79,182.437,162.261,170.019,171.715,168.097,177.48,160.657,168.719,183.337,177.676,172.394,171.734,178.869,185.868,180.698,182.645,175.553,176.616,175.305,180.204,183.234,180.607
10.95,0.553,236.514,228.855,251.881,239.367,221.026,234.649,265.696,218.027,221.359,213.998,249.706,223.321,254.642,219.173,227.581,235.831,226.737,243.438,235.625,237.774,245.042,230.605,223.984,248.809,227.504,249.173,238.162,234.381,242.711,253.443,247.303,240.804,241.272,249.708,236.184,228.329,229.367,244.052,259.607,245.823,257.111,251.436,257.466,271.698,266.54,255.541,253.723,233.408,236.05,260.679,240.165,250.082,262.113,253.306,239.889,271.546,255.434,254.057,246.223,252.039,267.311,270.873,270.382,262.816,246.875,254.603,260.967,266.703,272.46,260.057,259.185,250.259,259.477,249.235,282.576,240.994,265.431,284.784,284.438,251.639,264.218,266.993,261.209,276.04,249.141,262.152,285.649,277.008,267.954,266.954,278.522,290.298,281.627,284.889,273.134,274.797,273.179,280.773,286.134,281.854
chi2_vertical,,153.677,140.806,77.2045,105.034,251.173,118.481,80.5654,181.745,264.069,210.15,81.6472,163.474,85.3427,187.85,153.37,122.865,148.439,97.4019,117.796,107.563,94.438,139.184,152.619,82.6209,155.825,82.7877,118.127,125.46,97.1578,74.6155,89.4735,104.445,101.57,86.6632,120.805,146.033,142.081,102.431,69.2413,90.8826,72.542,80.9694,72.1741,65.063,61.55,76.3673,77.5304,139.456,125.946,68.1421,103.965,86.2409,67.6021,82.4936,107.535,61.4971,79.8555,81.9055,94.7726,84.3351,62.768,73.9697,66.2858,66.7469,94.0352,81.0792,71.5996,64.2544,61.7627,76.5938,75.5228,89.8639,75.2015,90.509,59.9323,106.318,71.973,65.286,79.1771,86.3259,70.9975,72.017,80.4463,60.0753,93.3,72.3093,62.7703,75.4583,65.222,66.7482,61.1447,86.8302,66.8771,71.4693,59.9473,60.6093,70.8022,62.2586,82.5202,76.4926
