R_kpc,Baryonic_target_p5,Baryonic_target_p16,Baryonic_target_p50,Baryonic_target_p84,Baryonic_target_p95,Baryonic target_min,Baryonic target_max
1,160.863625,170.723041,184.824864,214.142413,229.636009,160.863625,229.636009
1.0031058,160.953034,170.82061,184.870924,214.229831,229.613707,160.953034,229.613707
1.0062213,161.041653,170.917018,184.918385,214.314969,229.58898,161.041653,229.58898
1.0093465,161.129477,171.012252,184.973901,214.140643,229.561808,161.129477,229.561808
1.0124814,161.216496,171.106296,185.027962,213.942817,229.532166,161.216496,229.532166
1.015626,161.302702,171.19914,185.080555,213.743749,229.500032,161.302702,229.500032
1.0187804,161.388087,171.290412,185.131665,213.543425,229.46538,161.388087,229.46538
1.0219446,161.472644,171.328307,185.18128,213.34184,229.428189,161.472644,229.428189
1.0251186,161.556364,171.36528,185.229383,213.138988,229.388434,161.556364,229.388434
1.0283024,161.639238,171.401324,185.275959,212.934861,229.346091,161.639238,229.346091
1.0314962,161.721261,171.436433,185.320997,212.729442,229.301135,161.721261,229.301135
1.0346999,161.802423,171.470602,185.364478,212.52273,229.25354,161.802423,229.25354
1.0379135,161.882712,171.503819,185.406388,212.314718,229.203283,161.882712,229.203283
1.0411371,161.962125,171.536083,185.446713,212.105394,229.150337,161.962125,229.150337
1.0443707,162.040649,171.567382,185.485435,211.894751,229.094677,162.040649,229.094677
1.0476144,162.11828,171.597713,185.522541,211.712382,229.036276,162.11828,229.036276
1.0508681,162.195004,171.627064,185.558013,211.737217,228.975111,162.195004,228.975111
1.0541319,162.270814,171.655431,185.591838,211.759467,228.911153,162.270814,228.911153
1.0574059,162.345704,171.682805,185.623996,211.779104,228.844372,162.345704,228.844372
1.0606901,162.419662,171.709179,185.654475,211.796101,228.774745,162.419662,228.774745
1.0639844,162.492678,171.734543,185.683255,211.810426,228.702245,162.492678,228.702245
1.067289,162.564745,171.758891,185.710321,211.822054,228.626841,162.564745,228.626841
1.0706038,162.635851,171.796335,185.735657,211.830954,228.548508,162.635851,228.548508
1.0739289,162.70599,171.836798,185.759245,211.820289,228.467217,162.70599,228.467217
1.0772644,162.775151,171.876022,185.781068,211.797421,228.382936,162.775151,228.382936
1.0806102,162.843323,171.907478,185.801109,211.771781,228.29564,162.843323,228.29564
1.0839664,162.910497,171.926051,185.819351,211.743339,228.205297,162.910497,228.205297
1.0873331,162.976666,171.943559,185.835776,211.712073,228.111877,162.976666,228.111877
1.0907102,163.041816,171.959995,185.850366,211.677957,228.015352,163.041816,228.015352
1.0940978,163.105938,171.975347,185.863103,211.640965,227.915691,163.105938,227.915691
1.0974959,163.169021,171.989608,185.873969,211.60107,227.812861,163.169021,227.812861
1.1009045,163.231056,172.002769,185.882945,211.558248,227.706836,163.231056,227.706836
1.1043238,163.292034,172.014819,185.890015,211.512469,227.597577,163.292034,227.597577
1.1077536,163.35194,172.025748,185.895157,211.463711,227.48506,163.35194,227.48506
1.1111941,163.410768,172.035547,185.898354,211.411941,227.369246,163.410768,227.369246
1.1146453,163.468505,172.044205,185.899584,211.357135,227.250105,163.468505,227.250105
1.1181073,163.525142,172.051714,185.898833,211.299264,227.127601,163.525142,227.127601
1.1215799,163.580663,172.05806,185.896076,211.238301,227.001708,163.580663,227.001708
1.1250634,163.635061,172.063233,185.891297,211.174216,226.872383,163.635061,226.872383
1.1285577,163.688325,172.067224,185.884474,211.106981,226.739597,163.688325,226.739597
1.1320628,163.74044,172.070019,185.875588,211.036568,226.603315,163.74044,226.603315
1.1355788,163.791397,172.07161,185.864616,210.962946,226.463502,163.791397,226.463502
1.1391058,163.841186,172.071983,185.851541,210.886083,226.320116,163.841186,226.320116
1.1426436,163.889789,172.071126,185.83634,210.805954,226.173133,163.889789,226.173133
1.1461925,163.937201,172.069028,185.818991,210.722525,226.022506,163.937201,226.022506
1.1497524,163.983405,172.065676,185.799475,210.635766,225.868201,163.983405,225.868201
1.1533234,164.028392,172.059188,185.77777,210.545645,225.71018,164.028392,225.71018
1.1569054,164.072145,172.038193,185.748716,210.452133,225.54841,164.072145,225.54841
1.1604986,164.114656,172.040426,185.713081,210.355193,225.382844,164.114656,225.382844
1.1641029,164.155909,172.045939,185.675333,210.254799,225.213452,164.155909,225.213452
1.1677185,164.195894,172.047121,185.635446,210.150911,225.040184,164.195894,225.040184
1.1713452,164.234593,172.041973,185.5934,210.043505,224.863013,164.234593,224.863013
1.1749833,164.271998,172.035397,185.549169,209.932537,224.681884,164.271998,224.681884
1.1786326,164.308091,172.0478,185.502732,209.817982,224.496769,164.308091,224.496769
1.1822932,164.34286,172.056791,185.454067,209.699803,224.307624,164.34286,224.307624
1.1859653,164.376293,172.056173,185.403146,209.57796,224.114397,164.376293,224.114397
1.1896487,164.408372,172.06077,185.349948,209.452428,223.917058,164.408372,223.917058
1.1933436,164.439086,172.074014,185.294448,209.323161,223.715555,164.439086,223.715555
1.1970499,164.468418,172.085318,185.235168,209.190132,223.509851,164.468418,223.509851
1.2007678,164.496353,172.094661,185.171114,209.053297,223.299894,164.496353,223.299894
1.2044972,164.522879,172.102024,185.104705,208.912624,223.085645,164.522879,223.085645
1.2082381,164.547977,172.107383,185.035915,208.768078,222.867062,164.547977,222.867062
1.2119908,164.571635,172.110718,184.964714,208.61961,222.644083,164.571635,222.644083
1.215755,164.593835,172.112008,184.891085,208.467197,222.416681,164.593835,222.416681
1.219531,164.614562,172.11123,184.814994,208.310786,222.184791,164.614562,222.184791
1.2233186,164.633798,172.108361,184.736422,208.150351,221.948382,164.633798,221.948382
1.2271181,164.65153,172.103378,184.655337,207.985842,221.707388,164.65153,221.707388
1.2309293,164.667736,172.096258,184.571716,207.817225,221.461774,164.667736,221.461774
1.2347524,164.682404,172.086978,184.48553,207.644456,221.21148,164.682404,221.21148
1.2385874,164.695514,172.075514,184.396752,207.467494,220.956456,164.695514,220.956456
1.2424342,164.707048,172.06184,184.305357,207.286304,220.696661,164.707048,220.696661
1.2462931,164.71699,172.045154,184.211311,207.100832,220.432026,164.71699,220.432026
1.2501639,164.728011,172.02904,184.119535,206.918976,220.172157,164.728011,220.172157
1.2540467,164.798696,172.086961,184.137655,206.913459,220.127106,164.798696,220.127106
1.2579416,164.868356,172.132742,184.154204,206.905611,220.079539,164.868356,220.079539
1.2618485,164.936981,172.161891,184.169163,206.895412,220.029435,164.936981,220.029435
1.2657676,165.004562,172.189911,184.182522,206.882842,219.976767,165.004562,219.976767
1.2696989,165.071086,172.216785,184.19426,206.86788,219.921513,165.071086,219.921513
1.2736424,165.136543,172.242503,184.204363,206.850508,219.86365,165.136543,219.86365
1.2775982,165.20092,172.267051,184.212816,206.830704,219.803153,165.20092,219.803153
1.2815662,165.264206,172.290414,184.219598,206.808447,219.739999,165.264206,219.739999
1.2855465,165.32639,172.312582,184.224698,206.772898,219.674163,165.32639,219.674163
1.2895393,165.387461,172.333539,184.228097,206.728884,219.605617,165.387461,219.605617
1.2935444,165.447404,172.353271,184.229777,206.682465,219.534341,165.447404,219.534341
1.2975619,165.506209,172.371764,184.229721,206.633619,219.460307,165.506209,219.460307
1.301592,165.563865,172.389004,184.227915,206.582324,219.383488,165.563865,219.383488
1.3056345,165.620356,172.408159,184.224337,206.528562,219.303863,165.620356,219.303863
1.3096896,165.675672,172.436129,184.218973,206.472307,219.221401,165.675672,219.221401
1.3137573,165.729799,172.465789,184.211803,206.387871,219.136078,165.729799,219.136078
1.3178376,165.782724,172.493945,184.202809,206.198105,219.047868,165.782724,219.047868
1.3219306,165.834436,172.520507,184.191975,205.982344,218.956742,165.834436,218.956742
1.3260364,165.884919,172.545458,184.17928,205.764529,218.862672,165.884919,218.862672
1.3301548,165.934159,172.568778,184.164707,205.544669,218.765636,165.934159,218.765636
1.3342861,165.982145,172.590452,184.148238,205.322744,218.665601,165.982145,218.665601
1.3384302,166.028861,172.610459,184.12985,205.098752,218.56254,166.028861,218.56254
1.3425872,166.074293,172.628783,184.109528,204.872688,218.456425,166.074293,218.456425
1.346757,166.118426,172.645403,184.087251,204.644551,218.347232,166.118426,218.347232
1.3509398,166.161247,172.660302,184.063,204.414326,218.234926,166.161247,218.234926
1.3551357,166.20274,172.673459,184.036753,204.182005,218.119476,166.20274,218.119476
1.3593445,166.242891,172.684856,184.008492,203.947596,218.000862,166.242891,218.000862
1.3635664,166.281681,172.694468,183.978196,203.711084,217.879047,166.281681,217.879047
1.3678015,166.319101,172.702281,183.945846,203.472459,217.754,166.319101,217.754
1.3720497,166.355128,172.708269,183.911418,203.231726,217.625695,166.355128,217.625695
1.376311,166.389751,172.712414,183.874894,202.988604,217.494103,166.389751,217.494103
1.3805856,166.42295,172.714692,183.836251,202.734152,217.359187,166.42295,217.359187
1.3848735,166.454711,172.715082,183.795466,202.477468,217.220918,166.454711,217.220918
1.3891747,166.485017,172.713563,183.752521,202.218553,217.079265,166.485017,217.079265
1.3934893,166.513849,172.710109,183.707392,201.957403,216.934195,166.513849,216.934195
1.3978173,166.541191,172.7047,183.660056,201.69402,216.785677,166.541191,216.785677
1.4021587,166.567025,172.69731,183.610492,201.428405,216.633678,166.567025,216.633678
1.4065136,166.591331,172.687914,183.558677,201.160556,216.478167,166.591331,216.478167
1.410882,166.614093,172.676491,183.504587,200.890472,216.319108,166.614093,216.319108
1.415264,166.63529,172.663011,183.448198,200.755868,216.156467,166.63529,216.156467
1.4196596,166.654904,172.647848,183.38949,200.547275,215.990212,166.654904,215.990212
1.4240688,166.672916,172.630651,183.328435,200.335902,215.820311,166.672916,215.820311
1.4284918,166.689305,172.611307,183.265009,200.121731,215.646722,166.689305,215.646722
1.4329285,166.704052,172.589788,183.19919,199.90476,215.469416,166.704052,215.469416
1.4373789,166.717134,172.566067,183.130952,199.684983,215.28836,166.717134,215.28836
1.4418432,166.728532,172.540114,183.06027,199.462383,215.103512,166.728532,215.103512
1.4463214,166.738224,172.511901,182.987116,199.236952,214.914836,166.738224,214.914836
1.4508134,166.746187,172.481397,182.911469,199.008691,214.722305,166.746187,214.722305
1.4553194,166.752401,172.448573,182.833299,198.777584,214.525873,166.752401,214.525873
1.4598394,166.75684,172.413398,182.752631,198.543625,214.325506,166.75684,214.325506
1.4643735,166.759484,172.375839,182.672885,198.306804,214.121163,166.759484,214.121163
1.4689216,166.760307,172.335865,182.590507,198.067123,213.912815,166.760307,213.912815
1.4734838,166.759285,172.293442,182.505466,197.790945,213.700419,166.759285,213.700419
1.4780603,166.756393,172.246227,182.417735,197.51216,213.48393,166.756393,213.48393
1.4826509,166.751607,172.194043,182.327287,197.231066,213.263321,166.751607,213.263321
1.4872558,166.744899,172.14283,182.234091,196.947654,213.038546,166.744899,213.038546
1.491875,166.736244,172.089055,182.138119,196.661928,212.809567,166.736244,212.809567
1.4965085,166.725614,172.032677,182.039342,196.373891,212.576345,166.725614,212.576345
1.5011564,166.730509,171.996586,181.967203,196.12218,212.387497,166.730509,212.387497
1.5058188,166.786894,172.027862,181.982077,195.985463,212.342675,166.786894,212.342675
1.5104957,166.842071,172.057596,181.995284,195.847193,212.295455,166.842071,212.295455
1.515187,166.896023,172.085772,182.006805,195.70737,212.245813,166.896023,212.245813
1.519893,166.948739,172.112371,182.016626,195.565983,212.193727,166.948739,212.193727
1.5246135,167.000204,172.137376,182.024728,195.423038,212.139178,167.000204,212.139178
1.5293488,167.050407,172.160769,182.031096,195.278525,212.082142,167.050407,212.082142
1.5340987,167.099329,172.182531,182.035712,195.13245,212.022599,167.099329,212.022599
1.5388634,167.146957,172.202441,182.038561,194.984805,211.960526,167.146957,211.960526
1.5436428,167.193277,172.218313,182.039624,194.835592,211.895901,167.193277,211.895901
1.5484372,167.238276,172.232524,182.038885,194.684805,211.8287,167.238276,211.8287
1.5532464,167.281935,172.245057,182.036325,194.532445,211.758902,167.281935,211.758902
1.5580705,167.32424,172.255893,182.031926,194.378513,211.686485,167.32424,211.686485
1.5629097,167.365178,172.265013,182.025673,194.223,211.611422,167.365178,211.611422
1.5677638,167.404729,172.272397,182.017544,194.065915,211.533695,167.404729,211.533695
1.5726331,167.44288,172.278024,182.007524,193.907249,211.453275,167.44288,211.453275
1.5775174,167.46758,172.281807,181.995593,193.747008,211.370143,167.46758,211.370143
1.5824169,167.473684,172.283668,181.981731,193.585186,211.284272,167.473684,211.284272
1.5873317,167.478084,172.283669,181.965921,193.421784,211.195638,167.478084,211.195638
1.5922617,167.480757,172.281785,181.949396,193.276665,211.104218,167.480757,211.104218
1.597207,167.481684,172.277995,181.933653,193.21271,211.009987,167.481684,211.009987
1.6021677,167.480847,172.272262,181.915913,193.146625,210.912921,167.480847,210.912921
1.6071438,167.478224,172.264455,181.896304,193.077888,210.812992,167.478224,210.812992
1.6121354,167.473794,172.254527,181.874834,193.00639,210.710177,167.473794,210.710177
1.6171424,167.467536,172.242459,181.851479,192.932136,210.604452,167.467536,210.604452
1.622165,167.459429,172.228227,181.826212,192.855126,210.495789,167.459429,210.495789
1.6272032,167.449453,172.21181,181.799012,192.775363,210.384162,167.449453,210.384162
1.6322571,167.437582,172.193182,181.769851,192.692848,210.269545,167.437582,210.269545
1.6373266,167.423796,172.172323,181.738706,192.607588,210.151915,167.423796,210.151915
1.6424119,167.408072,172.149207,181.70555,192.51958,210.03124,167.408072,210.03124
1.647513,167.390386,172.12381,181.670357,192.428829,209.907496,167.390386,209.907496
1.6526299,167.370715,172.096108,181.633103,192.335339,209.780658,167.370715,209.780658
1.6577627,167.349034,172.066074,181.593761,192.239111,209.650695,167.349034,209.650695
1.6629115,167.32532,172.033685,181.552304,192.140148,209.51758,167.32532,209.51758
1.6680762,167.299547,171.998911,181.508708,192.038452,209.381288,167.299547,209.381288
1.673257,167.271691,171.961728,181.462943,191.934028,209.241788,167.271691,209.241788
1.6784539,167.241724,171.922107,181.414985,191.826876,209.099052,167.241724,209.099052
1.6836669,167.209621,171.880019,181.364806,191.717002,208.953054,167.209621,208.953054
1.6888962,167.175356,171.835436,181.312377,191.604407,208.803761,167.175356,208.803761
1.6941416,167.138902,171.788331,181.257674,191.489097,208.651149,167.138902,208.651149
1.6994034,167.100229,171.738671,181.200666,191.371071,208.495184,167.100229,208.495184
1.7046815,167.059311,171.686428,181.141325,191.250631,208.335839,167.059311,208.335839
1.7099759,167.016121,171.631569,181.079627,191.1466,208.173088,167.016121,208.173088
1.7152869,166.970625,171.574062,181.015538,191.039901,208.006892,166.970625,208.006892
1.7206143,166.922797,171.513876,180.949033,190.930538,207.837227,166.922797,207.837227
1.7259583,166.872606,171.450977,180.88008,190.818507,207.664061,166.872606,207.664061
1.7313188,166.820022,171.385332,180.808653,190.703811,207.487365,166.820022,207.487365
1.7366961,166.765011,171.316904,180.734721,190.586444,207.307102,166.765011,207.307102
1.74209,166.707544,171.24566,180.658255,190.46641,207.123248,166.707544,207.123248
1.7475006,166.647588,171.171563,180.579225,190.34371,206.93577,166.647588,206.93577
1.7529281,166.63425,171.149155,180.559396,190.287668,206.833432,166.63425,206.833432
1.7583724,166.661236,171.171509,180.590674,190.288887,206.804482,166.661236,206.804482
1.7638337,166.686774,171.192251,180.620479,190.288294,206.773323,166.686774,206.773323
1.7693119,166.710849,171.211368,180.64879,190.285886,206.739937,166.710849,206.739937
1.7748071,166.733447,171.228847,180.675594,190.281657,206.704305,166.733447,206.704305
1.7803194,166.75455,171.244672,180.700868,190.275605,206.666405,166.75455,206.666405
1.7858488,166.774144,171.258828,180.724598,190.388167,206.626217,166.774144,206.626217
1.7913954,166.792214,171.271303,180.746764,190.54284,206.583721,166.792214,206.583721
1.7969592,166.808743,171.282078,180.767345,190.695205,206.538897,166.808743,206.538897
1.8025403,166.823713,171.291138,180.786327,190.845196,206.491723,166.823713,206.491723
1.8081387,166.837111,171.29847,180.803688,190.915934,206.44218,166.837111,206.44218
1.8137545,166.848917,171.304056,180.819409,190.820919,206.390245,166.848917,206.390245
1.8193877,166.859115,171.30788,180.833472,190.723452,206.335897,166.859115,206.335897
1.8250385,166.867689,171.309927,180.84586,190.623569,206.279113,166.867689,206.279113
1.8307068,166.874621,171.310177,180.856548,190.521312,206.219874,166.874621,206.219874
1.8363927,166.879893,171.308617,180.865522,190.416716,206.158156,166.879893,206.158156
1.8420962,166.883487,171.305227,180.87276,190.318365,206.093938,166.883487,206.093938
1.8478175,166.885385,171.299991,180.878242,190.326093,206.027195,166.885385,206.027195
1.8535565,166.885568,171.292889,180.881949,190.331744,205.957908,166.885568,205.957908
1.8593134,166.88402,171.283906,180.88386,190.335296,205.886051,166.88402,205.886051
1.8650882,166.88072,171.27302,180.883955,190.336723,205.811601,166.88072,205.811601
1.8708808,166.875649,171.260217,180.882215,190.336006,205.734539,166.875649,205.734539
1.8766915,166.868787,171.240565,180.878616,190.333116,205.654834,166.868787,205.654834
1.8825202,166.860116,171.217644,180.873142,190.328036,205.572468,166.860116,205.572468
1.8883671,166.849616,171.192652,180.865768,190.320738,205.487413,166.849616,205.487413
1.8942321,166.837266,171.165572,180.856475,190.311201,205.399648,166.837266,205.399648
1.9001153,166.823044,171.136384,180.845243,190.2994,205.309146,166.823044,205.309146
1.9060167,166.806932,171.105071,180.832047,190.285312,205.215885,166.806932,205.215885
1.9119365,166.788908,171.071613,180.816868,190.268914,205.119838,166.788908,205.119838
1.9178747,166.768949,171.03599,180.799684,190.250182,205.020978,166.768949,205.020978
1.9238313,166.747036,170.998184,180.780473,190.229091,204.919281,166.747036,204.919281
1.9298065,166.723145,170.958172,180.759214,190.205619,204.814721,166.723145,204.814721
1.9358002,166.697255,170.915937,180.735883,190.179741,204.707272,166.697255,204.707272
1.9418125,166.669342,170.871456,180.710458,190.151434,204.596908,166.669342,204.596908
1.9478434,166.639384,170.824709,180.682918,190.079957,204.483602,166.639384,204.483602
1.9538932,166.607358,170.775674,180.653237,189.981847,204.367324,166.607358,204.367324
1.9599617,166.573239,170.724328,180.621397,189.88174,204.248052,166.573239,204.248052
1.966049,166.537004,170.670652,180.58737,189.77964,204.125756,166.537004,204.125756
1.9721553,166.498628,170.61462,180.551134,189.675551,204.000406,166.498628,204.000406
1.9782805,166.458086,170.556212,180.501515,189.569482,203.871977,166.458086,203.871977
1.9844247,166.415355,170.495403,180.44939,189.461437,203.74044,166.415355,203.74044
1.990588,166.370408,170.43217,180.394983,189.351421,203.605764,166.370408,203.605764
1.9967705,166.323218,170.366487,180.33827,189.23944,203.467921,166.323218,203.467921
2.0029722,166.314982,170.344699,180.328132,189.176435,203.392017,166.314982,203.392017
2.0091931,166.350038,170.371666,180.369579,189.167369,203.384681,166.350038,203.384681
2.0154334,166.383767,170.3972,180.40963,189.156977,203.375332,166.383767,203.375332
2.021693,166.416156,170.421288,180.448273,189.145266,203.363951,166.416156,203.363951
2.0279721,166.447192,170.443922,180.485497,189.132239,203.350519,166.447192,203.350519
2.0342706,166.476861,170.46509,180.521286,189.117902,203.335018,166.476861,203.335018
2.0405888,166.505151,170.485419,180.555631,189.102259,203.317428,166.505151,203.317428
2.0469265,166.532046,170.510848,180.588516,189.085313,203.297731,166.532046,203.297731
2.053284,166.557535,170.534781,180.61993,189.06707,203.275905,166.557535,203.275905
2.0596612,166.581602,170.557204,180.649858,189.047533,203.251933,166.581602,203.251933
2.0660582,166.604234,170.578104,180.67829,189.026707,203.225795,166.604234,203.225795
2.072475,166.625416,170.597468,180.705208,189.004594,203.197469,166.625416,203.197469
2.0789118,166.645136,170.615283,180.730602,188.981198,203.166936,166.645136,203.166936
2.0853686,166.663376,170.631535,180.754457,188.956523,203.134175,166.663376,203.134175
2.0918455,166.680124,170.646209,180.776759,188.945682,203.099166,166.680124,203.099166
2.0983424,166.695364,170.659292,180.797494,188.95112,203.061887,166.695364,203.061887
2.1048596,166.709081,170.670769,180.816649,188.969385,203.022317,166.709081,203.022317
2.1113969,166.72126,170.680627,180.834208,188.986031,202.980436,166.72126,202.980436
2.1179546,166.731884,170.688848,180.850158,189.001044,202.936222,166.731884,202.936222
2.1245327,166.74094,170.695422,180.864483,189.014409,202.889651,166.74094,202.889651
2.1311311,166.748411,170.700331,180.877169,189.026111,202.840704,166.748411,202.840704
2.1377501,166.754282,170.703562,180.888203,189.036135,202.789357,166.754282,202.789357
2.1443896,166.758534,170.705096,180.897566,189.044467,202.735587,166.758534,202.735587
2.1510498,166.761154,170.704922,180.905246,189.05109,202.679372,166.761154,202.679372
2.1577306,166.762124,170.703022,180.911228,189.055991,202.620689,166.762124,202.620689
2.1644322,166.761427,170.699379,180.915494,189.059153,202.559515,166.761427,202.559515
2.1711546,166.759046,170.693978,180.918031,189.060561,202.495826,166.759046,202.495826
2.1778979,166.754965,170.686804,180.918821,189.0602,202.429598,166.754965,202.429598
2.1846621,166.749165,170.677838,180.91785,189.058053,202.360807,166.749165,202.360807
2.1914474,166.741629,170.667066,180.915099,189.054106,202.289428,166.741629,202.289428
2.1982537,166.73234,170.65447,180.910555,189.048343,202.215438,166.73234,202.215438
2.2050811,166.721278,170.64003,180.9042,189.040747,202.138812,166.721278,202.138812
2.2119298,166.708427,170.623733,180.896017,189.020242,202.059522,166.708427,202.059522
2.2187997,166.693767,170.605558,180.885988,188.993124,201.977547,166.693767,201.977547
2.2256909,166.67728,170.585489,180.8741,188.964228,201.892858,166.67728,201.892858
2.2326036,166.658947,170.563507,180.860332,188.933541,201.80543,166.658947,201.80543
2.2395377,166.638748,170.539594,180.844668,188.901051,201.715237,166.638748,201.715237
2.2464934,166.616664,170.513732,180.827091,188.866746,201.622251,166.616664,201.622251
2.2534707,166.630282,170.528876,180.851904,188.874685,201.583141,166.630282,201.583141
2.2604696,166.680587,170.586112,180.920221,188.92593,201.59936,166.680587,201.59936
2.2674903,166.729702,170.642144,180.987386,188.976061,201.613792,166.729702,201.613792
2.2745328,166.777616,170.696959,181.05339,189.025073,201.62642,166.777616,201.62642
2.2815971,166.824313,170.750546,181.11822,189.072955,201.637226,166.824313,201.637226
2.2886834,166.869785,170.802896,181.181866,189.119704,201.646194,166.869785,201.646194
2.2957917,166.914019,170.853998,181.244321,189.165311,201.653309,166.914019,201.653309
2.3029221,166.957002,170.903841,181.30557,189.209769,201.658553,166.957002,201.658553
2.3100746,166.998722,170.952413,181.367134,189.25307,201.661907,166.998722,201.661907
2.3172494,167.039167,170.999704,181.433619,189.295206,201.663356,167.039167,201.663356
2.3244464,167.078325,171.045704,181.498847,189.33617,201.662882,167.078325,201.662882
2.3316658,167.116181,171.090399,181.560198,189.375955,201.660466,167.116181,201.660466
2.3389076,167.152725,171.13378,181.618975,189.414552,201.656092,167.152725,201.656092
2.3461719,167.187942,171.171475,181.676496,189.451955,201.649741,167.187942,201.649741
2.3534588,167.221821,171.198304,181.732752,189.488153,201.641395,167.221821,201.641395
2.3607682,167.254346,171.223807,181.787727,189.52314,201.631036,167.254346,201.631036
2.3681004,167.285505,171.247976,181.841413,189.556908,201.618644,167.285505,201.618644
2.3754554,167.315284,171.2708,181.893795,189.589447,201.604202,167.315284,201.604202
2.3828332,167.34367,171.292271,181.944861,189.62075,201.58769,167.34367,201.58769
2.3902339,167.370647,171.312378,181.994597,189.650808,201.569089,167.370647,201.569089
2.3976576,167.396204,171.331113,182.042991,189.679613,201.548379,167.396204,201.548379
2.4051044,167.420325,171.348465,182.090031,189.707154,201.525542,167.420325,201.525542
2.4125743,167.442996,171.364425,182.135704,189.733426,201.500557,167.442996,201.500557
2.4200674,167.464201,171.378981,182.179994,189.758417,201.473405,167.464201,201.473405
2.4275838,167.483928,171.392126,182.222892,189.78212,201.444066,167.483928,201.444066
2.4351235,167.502159,171.403847,182.264381,189.804524,201.412518,167.502159,201.412518
2.4426866,167.518881,171.414136,182.304447,189.83433,201.378742,167.518881,201.378742
2.4502732,167.534078,171.422982,182.34308,189.864921,201.342716,167.534078,201.342716
2.4578834,167.547734,171.430374,182.380265,189.893928,201.304421,167.547734,201.304421
2.4655172,167.559834,171.436302,182.415987,189.921335,201.263834,167.559834,201.263834
2.4731747,167.570363,171.440757,182.450232,189.947132,201.220934,167.570363,201.220934
2.480856,167.579303,171.443725,182.482985,189.971305,201.175699,167.579303,201.175699
2.4885612,167.586638,171.445196,182.514235,189.993842,201.128107,167.586638,201.128107
2.4962903,167.592353,171.44516,182.543964,190.014731,201.078137,167.592353,201.078137
2.5040434,167.634509,171.487624,182.617993,190.078539,201.079166,167.634509,201.079166
2.5118206,167.710419,171.563353,182.733331,190.182355,201.127638,167.710419,201.127638
2.5196219,167.785209,171.636148,182.848085,190.285432,201.174722,167.785209,201.174722
2.5274475,167.858868,171.707765,182.962247,190.387763,201.220409,167.858868,201.220409
2.5352974,167.931378,171.77819,183.075804,190.489339,201.264689,167.931378,201.264689
2.5431716,168.002726,171.847411,183.188743,190.59015,201.30755,168.002726,201.30755
2.5510703,168.0729,171.915418,183.301055,190.690189,201.348983,168.0729,201.348983
2.5589936,168.141883,171.982198,183.41273,190.789449,201.388978,168.141883,201.388978
2.5669414,168.20966,172.047735,183.523755,190.887919,201.427523,168.20966,201.427523
2.5749139,168.276216,172.11202,183.634118,190.985594,201.46461,168.276216,201.46461
2.5829112,168.341537,172.175038,183.743811,191.082464,201.500227,168.341537,201.500227
2.5909334,168.405608,172.236778,183.852822,191.178523,201.534364,168.405608,201.534364
2.5989804,168.46841,172.297225,183.961137,191.27376,201.56701,168.46841,201.56701
2.6070525,168.529931,172.356365,184.068747,191.368168,201.598154,168.529931,201.598154
2.6151496,168.590151,172.414185,184.17564,191.461741,201.627788,168.590151,201.627788
2.6232718,168.649056,172.470669,184.281806,191.554468,201.655897,168.649056,201.655897
2.6314193,168.706629,172.525805,184.387232,191.646344,201.682474,168.706629,201.682474
2.6395921,168.762851,172.579577,184.491907,191.737361,201.707508,168.762851,201.707508
2.6477903,168.817707,172.631971,184.595822,191.827509,201.730986,168.817707,201.730986
2.6560139,168.871179,172.682972,184.698963,191.916783,201.752899,168.871179,201.752899
2.6642631,168.92325,172.732564,184.801321,192.005174,201.773235,168.92325,201.773235
2.6725379,168.9739,172.780731,184.902883,192.092675,201.791985,168.9739,201.791985
2.6808384,169.023112,172.827459,185.003639,192.179279,201.809137,169.023112,201.809137
2.6891647,169.070867,172.937583,185.103578,192.264979,201.82468,169.070867,201.82468
2.6975168,169.117147,173.040064,185.202687,192.349765,201.838603,169.117147,201.838603
2.7058949,169.161932,173.070318,185.300956,192.433632,201.850895,169.161932,201.850895
2.714299,169.205202,173.098471,185.398375,192.516573,201.861544,169.205202,201.861544
2.7227292,169.246937,173.124503,185.494931,192.598582,201.870543,169.246937,201.870543
2.7311856,169.287119,173.162542,185.590613,192.679649,201.877875,169.287119,201.877875
2.7396683,169.325727,173.205579,185.685412,192.75977,201.883534,169.325727,201.883534
2.7481773,169.362738,173.331382,185.779314,192.838935,201.887505,169.362738,201.887505
2.7567127,169.459973,173.529349,185.951201,192.99521,201.970898,169.459973,201.970898
2.7652746,169.572558,173.747825,186.144353,193.174065,202.075818,169.572558,202.075818
2.7738632,169.683673,173.967392,186.337406,193.355802,202.180352,169.683673,202.180352
2.7824784,169.793288,174.188026,186.530352,193.537969,202.284506,169.793288,202.284506
2.7911203,169.901374,174.364451,186.723189,193.720578,202.388289,169.901374,202.388289
2.7997891,170.007907,174.467987,186.915921,193.903647,202.491708,170.007907,202.491708
2.8084848,170.112856,174.56871,187.108546,194.087185,202.594771,170.112856,202.594771
2.8172076,170.216194,174.666591,187.301064,194.27121,202.697488,170.216194,202.697488
2.8259574,170.317892,174.775635,187.493473,194.45573,202.799863,170.317892,202.799863
2.8347344,170.41792,174.887064,187.685773,194.640762,202.901907,170.41792,202.901907
2.8435387,170.516252,174.996121,187.877966,194.826318,203.003626,170.516252,203.003626
2.8523703,170.612857,175.102776,188.068168,195.01241,203.105026,170.612857,203.105026
2.8612293,170.707706,175.207,188.253011,195.199053,203.206117,170.707706,203.206117
2.8701158,170.800769,175.308765,188.437684,195.386257,203.306904,170.800769,203.306904
2.87903,170.89202,175.431,188.622188,195.574037,203.407395,170.89202,203.407395
2.8879718,170.981428,175.620854,188.806521,195.765905,203.507598,170.981428,203.507598
2.8969414,171.068964,175.815005,188.990683,195.969789,203.607516,171.068964,203.607516
2.9059389,171.154599,175.913768,189.174674,196.174342,203.707159,171.154599,203.707159
2.9149643,171.238303,176.022709,189.358491,196.379579,203.806529,171.238303,203.806529
2.9240177,171.320049,176.198549,189.542134,196.585517,203.905634,171.320049,203.905634
2.9330993,171.399807,176.374113,189.725606,196.792176,204.00448,171.399807,204.00448
2.9422091,171.477549,176.549379,189.908902,196.99957,204.103069,171.477549,204.103069
2.9513471,171.553245,176.724319,190.092022,197.206001,204.201407,171.553245,204.201407
2.9605136,171.626868,176.898915,190.274968,197.401846,204.299498,171.626868,204.299498
2.9697085,171.698388,177.073137,190.457737,197.598868,204.397344,171.698388,204.397344
2.9789319,171.767777,177.246962,190.640327,197.797096,204.49495,171.767777,204.49495
2.9881841,171.835009,177.418845,190.822742,197.996558,204.592318,171.835009,204.592318
2.9974649,171.900056,177.468315,191.004977,198.197275,204.689449,171.900056,204.689449
3.0067746,171.963105,177.506347,191.166336,198.376957,204.794522,171.963105,204.794522
3.0161132,172.024592,177.539129,191.319508,198.548585,204.902043,172.024592,204.902043
3.0254808,172.084511,177.569967,191.472209,198.720374,205.008885,172.084511,205.008885
3.0348775,172.142844,177.598855,191.624434,198.892332,205.115043,172.142844,205.115043
3.0443033,172.199572,177.625784,191.776177,199.064463,205.220513,172.199572,205.220513
3.0537585,172.25468,177.650749,191.927437,199.236776,205.325291,172.25468,205.325291
3.063243,172.308145,177.673739,192.078205,199.409273,205.429372,172.308145,205.429372
3.072757,172.359951,177.694749,192.228479,199.581964,205.532751,172.359951,205.532751
3.0823005,172.410079,177.713773,192.378253,199.754851,205.635423,172.410079,205.635423
3.0918736,172.458509,177.730804,192.527524,199.927944,205.737385,172.458509,205.737385
3.1014765,172.505223,177.745835,192.676285,200.101248,205.838632,172.505223,205.838632
3.1111093,172.550201,177.758859,192.824534,200.274768,205.939157,172.550201,205.939157
3.1207719,172.593425,177.769872,192.972263,200.448509,206.038954,172.593425,206.038954
3.1304645,172.634874,177.778866,193.11947,200.622477,206.13802,172.634874,206.13802
3.1401873,172.674531,177.785837,193.266149,200.796678,206.236349,172.674531,206.236349
3.1499402,172.712374,177.790777,193.412294,200.971116,206.333935,172.712374,206.333935
3.1597235,172.748385,177.80068,193.557902,201.145799,206.430772,172.748385,206.430772
3.1695371,172.782543,177.824586,193.702967,201.320729,206.526854,172.782543,206.526854
3.1793812,172.814827,177.846681,193.847483,201.495911,206.622175,172.814827,206.622175
3.1892559,172.84522,177.866955,193.983176,201.671353,206.716728,172.84522,206.716728
3.1991612,172.873699,177.885394,194.11676,201.847055,206.810508,172.873699,206.810508
3.2090974,172.900245,177.901989,194.249668,202.023026,206.903507,172.900245,206.903507
3.2190643,172.924838,177.91673,194.381892,202.199266,206.995719,172.924838,206.995719
3.2290623,172.947455,177.929602,194.513425,202.375782,207.087136,172.947455,207.087136
3.2390912,172.968078,178.041157,194.64426,202.552575,207.177751,172.968078,207.177751
3.2491514,172.986685,178.152574,194.774395,202.729653,207.267559,172.986685,207.267559
3.2592428,172.974722,178.217286,194.798419,202.775522,207.294313,172.974722,207.294313
3.2693655,172.958281,178.276195,194.811086,202.807639,207.313603,172.958281,207.313603
3.2795196,172.939976,178.333421,194.822035,202.837991,207.331094,172.939976,207.331094
3.2897053,172.91979,178.388924,194.831251,202.866562,207.346771,172.91979,207.346771
3.2999227,172.897702,178.442661,194.838718,202.893333,207.360616,172.897702,207.360616
3.3101717,172.873696,178.494591,194.844422,202.918286,207.372613,172.873696,207.372613
3.3204526,172.847752,178.544671,194.84835,202.941405,207.382747,172.847752,207.382747
3.3307654,172.819851,178.592858,194.850485,202.960804,207.390999,172.819851,207.390999
3.3411103,172.789972,178.639109,194.850813,202.975714,207.397354,172.789972,207.397354
3.3514873,172.758098,178.683381,194.849318,202.988761,207.401793,172.758098,207.401793
3.3618965,172.724208,178.725628,194.845985,202.999928,207.404299,172.724208,207.404299
3.372338,172.688281,178.765807,194.840799,203.009201,207.404856,172.688281,207.404856
3.382812,172.650298,178.803872,194.833742,203.01656,207.403443,172.650298,207.403443
3.3933185,172.610237,178.839777,194.8248,203.021991,207.400046,172.610237,207.400046
3.4038577,172.568078,178.873478,194.813955,203.025474,207.394644,172.568078,207.394644
3.4144295,172.523801,178.904926,194.801192,203.026994,207.387221,172.523801,207.387221
3.4250342,172.477383,178.934076,194.786496,203.026534,207.377757,172.477383,207.377757
3.4356719,172.428803,178.96088,194.769847,203.024073,207.366235,172.428803,207.366235
3.4463426,172.378038,178.985288,194.751231,203.019597,207.352635,172.378038,207.352635
3.4570464,172.325068,179.007253,194.730627,203.013085,207.336937,172.325068,207.336937
3.4677834,172.26987,179.026727,194.708022,203.004521,207.319125,172.26987,207.319125
3.4785539,172.21242,179.043659,194.683396,202.993885,207.299177,172.21242,207.299177
3.4893577,172.152696,179.057999,194.656731,202.98116,207.277074,172.152696,207.277074
3.5001951,172.091609,179.070682,194.629185,202.967621,207.254016,172.091609,207.254016
3.5110662,172.079501,179.138884,194.664012,203.022944,207.295649,172.079501,207.295649
3.5219711,172.065576,179.209752,194.69735,203.076792,207.335683,172.065576,207.335683
3.5329098,172.049818,179.278333,194.729184,203.129149,207.374102,172.049818,207.374102
3.5438825,172.032206,179.344579,194.759502,203.180003,207.410894,172.032206,207.410894
3.5548892,172.012723,179.408439,194.788291,203.229337,207.446043,172.012723,207.446043
3.5659302,171.991351,179.469864,194.815539,203.278358,207.479535,171.991351,207.479535
3.5770054,171.968071,179.528802,194.841235,203.353464,207.511353,171.968071,207.511353
3.5881151,171.942864,179.585202,194.865363,203.426319,207.541484,171.942864,207.541484
3.5992592,171.915711,179.639011,194.887912,203.4969,207.569913,171.915711,207.569913
3.610438,171.886592,179.690176,194.908868,203.565182,207.596624,171.886592,207.596624
3.6216514,171.855488,179.738644,194.928218,203.631145,207.621601,171.855488,207.621601
3.6328998,171.822378,179.784361,194.945949,203.678729,207.644829,171.822378,207.644829
3.644183,171.787244,179.827272,194.962046,203.692979,207.666293,171.787244,207.666293
3.6555013,171.750065,179.867321,194.976497,203.706134,207.685976,171.750065,207.685976
3.6668547,171.71082,179.904453,194.989286,203.718188,207.703862,171.71082,207.703862
3.6782434,171.669489,179.938611,195.000401,203.729136,207.719935,171.669489,207.719935
3.6896675,171.626049,179.969737,195.009827,203.738973,207.734179,171.626049,207.734179
3.701127,171.580481,179.997773,195.017548,203.747691,207.746578,171.580481,207.746578
3.7126222,171.53276,180.02266,195.023553,203.755285,207.757113,171.53276,207.757113
3.724153,171.482869,180.04434,195.027824,203.761746,207.76577,171.482869,207.76577
3.7357197,171.430783,180.062752,195.030349,203.767069,207.77253,171.430783,207.77253
3.7473223,171.376479,180.077834,195.031111,203.776524,207.777378,171.376479,207.777378
3.7589609,171.384842,180.165482,195.132323,203.91019,207.869998,171.384842,207.869998
3.7706357,171.410803,180.272955,195.26336,204.078949,207.988635,171.410803,207.988635
3.7823467,171.434973,180.377522,195.393751,204.247529,208.106581,171.434973,208.106581
3.7940941,171.457334,180.479117,195.523492,204.415934,208.223828,171.457334,208.223828
3.805878,171.477867,180.577668,195.652578,204.584173,208.340374,171.477867,208.340374
3.8176985,171.496552,180.673107,195.781005,204.750849,208.45621,171.496552,208.45621
3.8295557,171.513371,180.765362,195.908768,204.914433,208.571331,171.513371,208.571331
3.8414497,171.528305,180.854362,196.035862,205.078195,208.68573,171.528305,208.68573
3.8533806,171.541332,180.940032,196.162281,205.242142,208.7994,171.541332,208.7994
3.8653487,171.552435,181.0223,196.288023,205.406278,208.912338,171.552435,208.912338
3.8773539,171.561592,181.101093,196.413081,205.570607,209.024534,171.561592,209.024534
3.8893963,171.568784,181.176332,196.537449,205.735133,209.135982,171.568784,209.135982
3.9014762,171.57399,181.247942,196.661124,205.899862,209.246676,171.57399,209.246676
3.9135936,171.57719,181.315846,196.784103,206.0648,209.35661,171.57719,209.35661
3.9257486,171.578362,181.379964,196.906377,206.22995,209.465775,171.578362,209.465775
3.9379414,171.577487,181.440219,197.027944,206.395317,209.574166,171.577487,209.574166
3.9501721,171.574541,181.496527,197.148799,206.560906,209.681775,171.574541,209.681775
3.9624407,171.569506,181.548809,197.268936,206.726722,209.788593,171.569506,209.788593
3.9747475,171.562357,181.596982,197.388351,206.892772,209.894618,171.562357,209.894618
3.9870924,171.553076,181.640961,197.507038,207.059056,209.999835,171.553076,209.999835
3.9994757,171.541637,181.680663,197.624994,207.225586,210.104242,171.541637,210.104242
4.0118975,171.561038,181.74355,197.762148,207.408308,210.232016,171.561038,210.232032
4.0243579,171.58008,181.803859,197.899628,207.591939,210.36016,171.58008,210.360228
4.0368569,171.597295,181.860369,198.036551,207.775765,210.487605,171.597295,210.487756
4.0493948,171.612663,181.913067,198.172911,207.959784,210.614349,171.612663,210.614614
4.0619716,171.626167,181.961936,198.308699,208.143986,210.740385,171.626167,210.740791
4.0745875,171.637789,182.006963,198.44391,208.328364,210.86571,171.637789,210.866283
4.0872425,171.647507,182.04813,198.578537,208.512912,210.990321,171.647507,210.991083
4.0999369,171.655306,182.085425,198.712573,208.697624,211.114213,171.655306,211.115184
4.1126707,171.661163,182.118832,198.846011,208.882492,211.237381,171.661163,211.23858
4.125444,171.66506,182.148336,198.978842,209.067508,211.359821,171.66506,211.361262
4.138257,171.666976,182.173921,199.111061,209.252668,211.48153,171.666976,211.483225
4.1511098,171.666893,182.195575,199.24266,209.437963,211.602502,171.666893,211.604461
4.1640025,171.664789,182.213283,199.373631,209.623386,211.722733,171.664789,211.724963
4.1769353,171.660645,182.227029,199.505046,209.808929,211.842219,171.660645,211.844723
4.1899082,171.65444,182.2368,199.639997,209.994587,211.960954,171.65444,211.963735
4.2029215,171.646152,182.242581,199.774387,210.180352,212.078936,171.646152,212.081991
4.2159751,171.635762,182.244358,199.903586,210.366216,212.196157,171.635762,212.199482
4.2290693,171.623247,182.242118,200.029856,210.552172,212.312615,171.623247,212.316202
4.2422042,171.608586,182.235846,200.155193,210.738214,212.428305,171.608586,212.432143
4.2553798,171.590251,182.21553,200.244708,210.873281,212.515182,171.590251,212.519317
4.2685964,171.567745,182.176886,200.282132,210.933353,212.559999,171.567745,212.564523
4.281854,171.543321,182.134532,200.317859,210.992102,212.603188,171.543321,212.608114
4.2951528,171.516962,182.088464,200.351872,211.049513,212.644735,171.516962,212.650076
4.3084929,171.488646,182.038683,200.384159,211.105571,212.684627,171.488646,212.690396
4.3218744,171.458355,181.985186,200.414705,211.160258,212.722849,171.458355,212.729056
4.3352975,171.42607,181.927976,200.443497,211.21356,212.759388,171.42607,212.766045
4.3487623,171.391769,181.867048,200.470518,211.265458,212.794227,171.391769,212.801344
4.3622689,171.355434,181.802405,200.495756,211.314422,212.827355,171.355434,212.834941
4.3758174,171.317043,181.734044,200.519193,211.361293,212.858754,171.317043,212.86682
4.3894081,171.276577,181.661964,200.540818,211.406715,212.888413,171.276577,212.896966
4.4030409,171.234013,181.586164,200.560614,211.450895,212.916313,171.234013,212.92536
4.4167161,171.18933,181.506642,200.578565,211.493667,212.942441,171.18933,212.951991
4.4304338,171.142508,181.423398,200.594657,211.534855,212.966782,171.142508,212.97684
4.444194,171.093526,181.336431,200.608874,211.574438,212.989321,171.093526,212.999893
4.457997,171.04236,181.245738,200.621201,211.612397,213.010042,171.04236,213.021133
4.4718429,170.988988,181.151317,200.63162,211.648709,213.028928,170.988988,213.040542
4.4857317,170.933388,181.053168,200.640118,211.683355,213.045965,170.933388,213.058107
4.4996638,170.875538,180.951287,200.646677,211.716315,213.061355,170.875538,213.073809
4.513639,170.82076,180.835685,200.590984,211.656682,213.026103,170.82076,213.038609
4.5276577,170.763869,180.716201,200.531255,211.592497,212.987283,170.763869,212.999845
4.5417199,170.70471,180.59309,200.468951,211.525983,212.946088,170.70471,212.958701
4.5558258,170.643259,180.466357,200.404046,211.457119,212.902496,170.643259,212.915154
4.5699756,170.579491,180.336006,200.336521,211.38589,212.856485,170.579491,212.869184
4.5841692,170.513384,180.202042,200.266351,211.312279,212.808032,170.513384,212.820767
4.598407,170.444911,180.064469,200.193513,211.236268,212.757116,170.444911,212.769881
4.6126889,170.374049,179.923293,200.117985,211.15784,212.703715,170.374049,212.716506
4.6270152,170.300771,179.778515,200.03974,211.076976,212.647804,170.300771,212.660616
4.641386,170.225053,179.63014,199.958755,210.993658,212.589362,170.225053,212.60219
4.6558015,170.146866,179.47817,199.875007,210.907866,212.528365,170.146866,212.541203
4.6702617,170.066187,179.322613,199.788471,210.819583,212.46479,170.066187,212.477634
4.6847668,169.982986,179.163466,199.699119,210.728789,212.398612,169.982986,212.411458
4.699317,169.897237,179.000733,199.606928,210.635463,212.329808,169.897237,212.34265
4.7139124,169.808914,178.83442,199.511871,210.539587,212.258354,169.808914,212.271187
4.7285531,169.717987,178.664525,199.413923,210.441141,212.184226,169.717987,212.197045
4.7432393,169.624428,178.491052,199.313056,210.340103,212.107397,169.624428,212.120199
4.7579711,169.548918,178.332873,199.226,210.252724,212.043447,169.548918,212.056221
4.7727486,169.48863,178.187495,199.150447,210.176742,211.990209,169.48863,212.002947
4.787572,169.426045,178.039001,199.072214,210.086076,211.934468,169.426045,211.947166
4.8024415,169.361137,177.887397,198.991276,209.990958,211.876204,169.361137,211.888856
4.8173572,169.293883,177.732691,198.907607,209.892888,211.815391,169.293883,211.827995
4.8323192,169.224257,177.574891,198.821185,209.791842,211.752008,169.224257,211.764558
4.8473276,169.152234,177.414004,198.731985,209.687793,211.686029,169.152234,211.698522
4.8623827,169.077788,177.250036,198.639978,209.580716,211.617432,169.077788,211.629863
4.8774845,169.000893,177.082995,198.545143,209.470585,211.546192,169.000893,211.558557
4.8926333,168.921522,176.912885,198.447451,209.357375,211.472286,168.921522,211.484581
4.907829,168.83965,176.774072,198.346876,209.241059,211.395688,168.83965,211.407909
4.923072,168.755248,176.709227,198.243392,209.12161,211.316373,168.755248,211.328516
4.9383623,168.668288,176.641718,198.136972,208.999003,211.234317,168.668288,211.246379
4.9537002,168.578743,176.571511,198.027588,208.87321,211.149495,168.578743,211.161471
4.9690856,168.486585,176.498571,197.915212,208.744205,211.061881,168.486585,211.073767
4.9845188,168.391784,176.422864,197.799817,208.629238,210.971448,168.391784,210.983242
5,168.29431,176.344354,197.681372,208.517865,210.878172,168.29431,210.889868
5.0133991,168.24221,176.306497,197.607727,208.451035,210.823308,168.24221,210.834901
5.0268342,168.188408,176.294619,197.532046,208.382376,210.766514,168.188408,210.778
5.0403052,168.132889,176.286789,197.454314,208.311873,210.707774,168.132889,210.719152
5.0538124,168.075636,176.27721,197.374516,208.239509,210.647072,168.075636,210.658341
5.0673557,168.016633,176.265854,197.292634,208.165263,210.584393,168.016633,210.595549
5.0809354,167.955864,176.252696,197.208652,208.08912,210.51972,167.955864,210.530762
5.0945514,167.893313,176.237708,197.122552,208.011063,210.453039,167.893313,210.463965
5.1082039,167.828964,176.220861,197.034318,207.926108,210.384333,167.828964,210.395141
5.1218931,167.762799,176.202128,196.943932,207.835746,210.313586,167.762799,210.324274
5.1356188,167.694801,176.18148,196.851378,207.743223,210.240781,167.694801,210.251348
5.1493814,167.624954,176.158889,196.756636,207.64852,210.165903,167.624954,210.176347
5.1631809,167.55324,176.134326,196.659689,207.551618,210.088934,167.55324,210.099252
5.1770173,167.479641,176.107763,196.560521,207.452499,210.009858,167.479641,210.02005
5.1908908,167.404139,176.079169,196.459111,207.351143,209.928658,167.404139,209.938722
5.2048015,167.326716,176.048515,196.355441,207.223128,209.845316,167.326716,209.85525
5.2187495,167.247355,176.015772,196.249493,207.078952,209.759817,167.247355,209.769619
5.2327349,167.166035,175.980908,196.141247,206.931795,209.672142,167.166035,209.681811
5.2467577,167.082739,175.946624,196.030685,206.781642,209.582274,167.082739,209.591808
5.2608181,167.049003,176.018356,196.004485,206.73061,209.56337,167.049003,209.572672
5.2749162,167.029286,176.106504,196.002796,206.755204,209.564872,167.029286,209.573919
5.2890521,167.008178,176.193737,195.999695,206.780776,209.564897,167.008178,209.573691
5.3032258,166.985669,176.280031,195.995175,206.804726,209.563432,166.985669,209.571977
5.3174375,166.961744,176.365359,195.989223,206.827041,209.560466,166.961744,209.568766
5.3316874,166.936392,176.449701,195.981829,206.847706,209.555988,166.936392,209.564047
5.3459754,166.909602,176.533031,195.972983,206.866706,209.549985,166.909602,209.557806
5.3603017,166.88136,176.615323,195.962671,206.882515,209.542445,166.88136,209.550033
5.3746664,166.851655,176.696552,195.950887,206.890912,209.533357,166.851655,209.540715
5.3890695,166.820474,176.776696,195.937617,206.897691,209.522707,166.820474,209.52984
5.4035113,166.787803,176.77496,195.922848,206.902841,209.510485,166.787803,209.517395
5.4179918,166.753631,176.632831,195.906574,206.906348,209.496678,166.753631,209.50337
5.4325111,166.717944,176.489916,195.888779,206.908199,209.481272,166.717944,209.48775
5.4470693,166.680729,176.346226,195.869453,206.880136,209.464256,166.680729,209.470523
5.4616665,166.641974,176.201775,195.848585,206.848381,209.445617,166.641974,209.451677
5.4763028,166.601664,176.10034,195.826161,206.815364,209.425341,166.601664,209.431198
5.4909784,166.559786,176.070004,195.802172,206.781082,209.403418,166.559786,209.409075
5.5056933,166.547166,176.074108,195.834235,206.814655,209.428695,166.547166,209.434115
5.5204476,166.582022,176.133926,195.956922,206.958509,209.530741,166.582022,209.535865
5.5352414,166.615467,176.19224,196.076978,207.103794,209.632418,166.615467,209.637254
5.5500749,166.647491,176.24904,196.189965,207.250523,209.733723,166.647491,209.738282
5.5649482,166.678082,176.304308,196.302365,207.398707,209.834654,166.678082,209.838944
5.5798613,166.707227,176.358029,196.415034,207.546008,209.935204,166.707227,209.939235
5.5948143,166.734914,176.410188,196.53224,207.693269,210.035372,166.734914,210.039153
5.6098075,166.761132,176.460771,196.648888,207.842272,210.135152,166.761132,210.138692
5.6248408,166.785868,176.509762,196.764972,207.993026,210.234541,166.785868,210.23785
5.6399144,166.809109,176.557146,196.880486,208.14554,210.333535,166.809109,210.33662
5.6550284,166.830845,176.602908,196.995424,208.299819,210.432129,166.830845,210.435
5.6701829,166.851062,176.647033,197.109779,208.455874,210.53032,166.851062,210.532986
5.685378,166.869748,176.689504,197.223546,208.613706,210.628102,166.869748,210.630571
5.7006139,166.886892,176.730309,197.336718,208.773325,210.725471,166.886892,210.727752
5.7158905,166.902481,176.792328,197.449288,208.934728,210.822422,166.902481,210.824523
5.7312081,166.916501,176.856666,197.561251,209.097924,210.918952,166.916501,210.920881
5.7465668,166.928941,176.919138,197.672599,209.263527,211.015054,166.928941,211.016819
5.7619666,166.959326,176.996358,197.793915,209.438883,211.120734,166.959326,211.122345
5.7774077,166.993927,177.076613,197.917735,209.616941,211.228911,166.993927,211.230378
5.7928901,167.027147,177.155123,198.04102,209.795614,211.336711,167.027147,211.338041
5.8084141,167.058974,177.231866,198.163767,209.974912,211.444133,167.058974,211.445333
5.8239797,167.089399,177.306822,198.285969,210.154839,211.55117,167.089399,211.552247
5.8395869,167.118409,177.379968,198.407618,210.3354,211.657818,167.118409,211.658779
5.855236,167.145995,177.451283,198.528711,210.516603,211.764072,167.145995,211.764925
5.870927,167.172144,177.520746,198.649239,210.698452,211.869927,167.172144,211.870678
5.8866601,167.196844,177.588335,198.769199,210.880954,211.975379,167.196844,211.976035
5.9024353,167.220088,177.654029,198.888582,211.064114,212.080423,167.220088,212.08099
5.9182529,167.24186,177.717804,199.007384,211.24794,212.185053,167.24186,212.185538
5.9341128,167.262152,177.77964,199.125598,211.432436,212.289266,167.262152,212.289674
5.9500152,167.28095,177.839514,199.243216,211.617609,212.393052,167.28095,212.393391
5.9659602,167.298244,177.897404,199.360233,211.803464,212.49641,167.298244,212.496684
5.9819479,167.314022,177.953289,199.476642,211.990009,212.599333,167.314022,212.599548
5.9979785,167.328273,178.007146,199.592437,212.177251,212.701816,167.328273,212.701978
6.0140521,167.362209,178.076838,199.718065,212.374419,212.906275,167.362209,212.906427
6.0301687,167.39786,178.147204,199.844655,212.576472,213.113944,167.39786,213.114087
6.0463285,167.432177,178.215664,199.970703,212.779034,213.32191,167.432177,213.322044
6.0625316,167.465146,178.282194,200.096203,212.982105,213.530172,167.465146,213.530296
6.0787782,167.496758,178.346773,200.22115,213.185691,213.73873,167.496758,213.738846
6.0950683,167.527004,178.409381,200.345536,213.38979,213.947584,167.527004,213.947691
6.111402,167.555872,178.469996,200.469356,213.594405,214.156732,167.555872,214.156831
6.1277795,167.583352,178.528598,200.592604,213.79954,214.366175,167.583352,214.366266
6.1442009,167.609433,178.585166,200.715275,214.005199,214.575916,167.609433,214.575999
6.1606663,167.634105,178.639677,200.837361,214.211382,214.785951,167.634105,214.786027
6.1771758,167.657357,178.692112,200.958857,214.418092,214.996281,167.657357,214.99635
6.1937296,167.679177,178.742447,201.079755,214.625334,215.206908,167.679177,215.20697
6.2103277,167.699555,178.790663,201.200051,214.833107,215.41783,167.699555,215.417885
6.2269704,167.718481,178.836738,201.319739,215.041418,215.629048,167.718481,215.629097
6.2436576,167.735942,178.880649,201.43881,215.250265,215.840561,167.735942,215.840604
6.2603895,167.748025,178.909356,201.501694,215.371728,215.965028,167.748025,215.965065
6.2771663,167.756428,178.928042,201.529528,215.438907,216.03543,167.756428,216.035463
6.293988,167.763572,178.944678,201.556162,215.505292,216.104926,167.763572,216.104954
6.3108548,167.769444,178.959244,201.581585,215.57088,216.173509,167.769444,216.173533
6.3277668,167.774034,178.971722,201.605788,215.635665,216.241172,167.774034,216.241191
6.3447241,167.777331,178.982089,201.628761,215.699643,216.307908,167.777331,216.307924
6.3617269,167.779322,178.990325,201.650496,215.762811,216.373713,167.779322,216.373725
6.3787752,167.779995,178.996411,201.670981,215.825163,216.438577,167.779995,216.438587
6.3958693,167.77934,179.000325,201.690208,215.886698,216.502498,167.77934,216.502505
6.4130091,167.777344,179.002047,201.708165,215.947173,216.565467,167.777344,216.565471
6.4301949,167.773993,179.001555,201.724842,216.006256,216.627477,167.773993,216.62748
6.4474267,167.769278,178.99883,201.740231,216.06451,216.688521,167.769278,216.688523
6.4647047,167.763184,178.993849,201.754319,216.12193,216.748595,167.763184,216.748595
6.482029,167.7557,178.986594,201.767099,216.178513,216.807691,167.7557,216.807691
6.4993997,167.746813,178.977042,201.778558,216.234254,216.865801,167.746813,216.865801
6.516817,167.716972,178.925629,201.650908,216.074116,216.709834,167.716972,216.709837
6.5342809,167.684919,178.86943,201.515834,215.903424,216.543305,167.684919,216.543316
6.5517917,167.651337,178.809853,201.378217,215.729797,216.373766,167.651337,216.373793
6.5693494,167.616212,178.746911,201.238036,215.553207,216.201192,167.616212,216.201239
6.5869541,167.57953,178.680617,201.095269,215.373626,216.025554,167.57953,216.02563
6.604606,167.541278,178.610985,200.949895,215.191027,215.846826,167.541278,215.846936
6.6223052,167.50144,178.538027,200.801891,215.005377,215.664978,167.50144,215.665129
6.6400518,167.460003,178.461756,200.651233,214.816649,215.479983,167.460003,215.480182
6.657846,167.416949,178.44634,200.497898,214.624812,215.291809,167.416949,215.292064
6.6756879,167.372267,178.430709,200.341864,214.429836,215.10043,167.372267,215.100746
6.6935776,167.32594,178.414102,200.183105,214.231691,214.905815,167.32594,214.906201
6.7115153,167.277951,178.396466,200.021599,214.030343,214.707933,167.277951,214.708396
6.729501,167.228288,178.377744,199.857321,213.825764,214.506755,167.228288,214.507303
6.7475349,167.176933,178.357879,199.690247,213.617922,214.302251,167.176933,214.302891
6.7656171,167.149062,178.358993,199.540181,213.425877,214.114111,167.149062,214.114853
6.7837478,167.123668,178.362518,199.390608,213.233731,213.925912,167.123668,213.926763
6.8019271,167.096771,178.364904,199.238385,213.038453,213.734525,167.096771,213.735494
6.8201551,167.068355,178.366093,199.083487,212.840012,213.539918,167.068355,213.541015
6.8384319,167.038407,178.366025,198.925892,212.638378,213.342065,167.038407,213.343298
6.8567577,167.006912,178.364645,198.765575,212.433519,213.140933,167.006912,213.142311
6.8751327,166.973854,178.36189,198.602513,212.225406,212.936494,166.973854,212.938026
6.8935568,166.939219,178.371066,198.43668,212.014005,212.728715,166.939219,212.730411
6.9120304,166.902992,178.378921,198.26805,211.799285,212.517565,166.902992,212.519436
6.9305535,166.865157,178.385366,198.096599,211.581214,212.303015,166.865157,212.305069
6.9491261,166.825698,178.39033,197.922302,211.359759,212.085032,166.825698,212.087279
6.9677486,166.784599,178.393741,197.745132,211.133438,211.863582,166.784599,211.866033
6.986421,166.741843,178.395527,197.565062,210.899232,211.638636,166.741843,211.641301
7.0051434,166.707145,178.404242,197.391362,210.671804,211.420662,166.707145,211.423553
7.023916,166.696653,178.434123,197.239496,210.468248,211.227139,166.696653,211.23027
7.0427389,166.684738,178.462367,197.084977,210.261521,211.03041,166.684738,211.033792
7.0616122,166.671384,178.4889,196.927783,210.0516,210.830444,166.671384,210.83409
7.0805361,166.656576,178.51365,196.767887,209.838453,210.627212,166.656576,210.631133
7.0995107,166.6403,178.536545,196.605267,209.622055,210.420684,166.6403,210.424893
7.1185362,166.622541,178.557508,196.439897,209.402375,210.210829,166.622541,210.215338
7.1376126,166.603283,178.576466,196.271751,209.179389,209.997618,166.603283,210.00244
7.1567402,166.582513,178.593345,196.100804,208.953063,209.781018,166.582513,209.786166
7.1759191,166.560212,178.608069,195.927031,208.723371,209.561,166.560212,209.566486
7.1951493,166.536367,178.5839,195.750403,208.490283,209.337531,166.536367,209.343369
7.214431,166.51096,178.413505,195.570897,208.253771,209.11058,166.51096,209.116784
7.2337645,166.483975,178.242052,195.388482,208.0138,208.880111,166.483975,208.886694
7.2531497,166.458899,178.07199,195.203305,207.768702,208.64456,166.458899,208.651538
7.2725869,166.450369,177.913646,195.016049,207.511581,208.39746,166.450369,208.404855
7.2920762,166.44034,177.754379,194.825814,207.250852,208.146669,166.44034,208.154497
7.3116177,166.428796,177.59418,194.632571,206.986483,207.892154,166.428796,207.90043
7.3312116,166.415717,177.433032,194.43629,206.720914,207.633879,166.415717,207.642619
7.350858,166.401087,177.27092,194.236942,206.454527,207.371809,166.401087,207.381029
7.370557,166.384888,177.10783,194.034497,206.190009,207.105913,166.384888,207.115628
7.3903089,166.367101,176.943745,193.828923,205.929475,206.836148,166.367101,206.846375
7.4101136,166.347706,176.778651,193.620192,205.664933,206.562485,166.347706,206.57324
7.4299714,166.326685,176.612529,193.408271,205.396339,206.284883,166.326685,206.296183
7.4498825,166.304016,176.445361,193.19083,205.123654,206.003305,166.304016,206.015167
7.4698469,166.279682,176.277132,192.959705,204.84684,205.717717,166.279682,205.730157
7.4898648,166.253659,176.107821,192.725393,204.565853,205.428079,166.253659,205.441114
7.5099364,166.224393,175.940535,192.493116,204.286151,205.139389,166.224393,205.153028
7.5300617,166.191842,175.775295,192.263042,204.007887,204.851794,166.191842,204.866044
7.550241,166.157558,175.68971,192.029804,203.725433,204.561386,166.157558,204.576289
7.5704743,166.12152,175.601742,191.793376,203.438752,204.326188,166.12152,204.343039
7.5907619,166.083704,175.511037,191.553728,203.1478,204.087368,166.083704,204.106287
7.6111038,166.044088,175.417554,191.310831,202.850668,203.844893,166.044088,203.866002
7.6315003,166.00265,175.321255,191.064654,202.542784,203.598727,166.00265,203.622151
7.6519514,165.959363,175.2221,190.815168,202.230653,203.348838,165.959363,203.374708
7.6724573,165.914206,175.120046,190.562342,201.914236,203.095188,165.914206,203.123638
7.6930182,165.867151,175.015053,190.306143,201.593492,202.837745,165.867151,202.86891
7.7136341,165.818174,174.907077,190.046542,201.268388,202.576474,165.818174,202.610497
7.7343054,165.767248,174.796075,189.783501,200.938923,202.311335,165.767248,202.348362
7.755032,165.712637,174.685737,189.528209,200.621767,202.054898,165.712637,202.094964
7.7758141,165.650754,174.584195,189.304725,200.35217,201.834181,165.650754,201.877071
7.796652,165.586952,174.4799,189.078151,200.078916,201.609989,165.586952,201.655828
7.8175457,165.52121,174.372819,188.848458,199.801969,201.382289,165.52121,201.431205
7.8384953,165.453503,174.262913,188.615619,199.5213,201.151051,165.453503,201.203175
7.8595012,165.383808,174.150145,188.3796,199.236871,200.916239,165.383808,200.971706
7.8805633,165.312101,174.034477,188.140375,198.948651,200.677821,165.312101,200.736769
7.9016818,165.238358,173.915871,187.897911,198.656605,200.435765,165.238358,200.498334
7.922857,165.162554,173.794287,187.652176,198.360697,200.190033,165.162554,200.256368
7.9440889,165.084663,173.669686,187.403141,198.060895,199.940596,165.084663,200.010845
7.9653777,165.004657,173.542024,187.15077,197.757164,199.687417,165.004657,199.761731
7.9867235,164.922511,173.411263,186.895032,197.449467,199.430462,164.922511,199.508996
8.0081266,164.845407,173.293599,186.670409,197.18712,199.205091,164.845407,199.287428
8.029587,164.778076,173.199698,186.499345,197.002211,199.034417,164.778076,199.119719
8.0511049,164.708777,173.10313,186.32558,196.814309,198.860796,164.708777,198.949138
8.0726805,164.637495,173.003873,186.149091,196.623382,198.684199,164.637495,198.775657
8.0943139,164.564214,172.9019,185.969858,196.429402,198.504601,164.564214,198.599252
8.1160052,164.488917,172.797189,185.799338,196.230682,198.321972,164.488917,198.419894
8.1377547,164.411589,172.689713,185.632398,196.026668,198.136283,164.411589,198.237557
8.1595625,164.332211,172.579448,185.462502,195.820327,197.947505,164.332211,198.052212
8.1814287,164.25077,172.46637,185.28962,195.610824,197.75561,164.25077,197.863831
8.2033536,164.167244,172.35045,185.113723,195.398127,197.560565,164.167244,197.672385
8.2253371,164.081621,172.231667,184.934784,195.182208,197.362345,164.081621,197.477849
8.2473796,163.993879,172.109992,184.752771,194.963032,197.160914,163.993879,197.280188
8.2694812,163.921075,172.018623,184.631548,194.829168,197.022047,163.921075,197.143912
8.291642,163.848632,171.929218,184.516482,194.704725,196.889486,163.848632,197.013792
8.3138622,163.774246,171.837308,184.39898,194.577797,196.754391,163.774246,196.881152
8.3361419,163.697904,171.742871,184.276334,194.448361,196.616742,163.697904,196.745972
8.3584813,163.619591,171.645886,184.151199,194.316393,196.477171,163.619591,196.608226
8.3808806,163.539289,171.546329,184.023551,194.181867,196.340134,163.539289,196.467892
8.4033399,163.456983,171.444179,183.89337,194.04476,196.200466,163.456983,196.324945
8.4258594,163.372658,171.339416,183.760633,193.905046,196.058143,163.372658,196.179363
8.4484393,163.286296,171.232013,183.625314,193.762699,195.913136,163.286296,196.031118
8.4710797,163.197881,171.121949,183.487393,193.617695,195.765423,163.197881,195.880189
8.4937807,163.107398,171.009204,183.346845,193.47001,195.614978,163.107398,195.72655
8.5165426,163.023093,170.900452,183.230217,193.353427,195.490336,163.023093,195.598451
8.5393654,162.939892,170.713343,183.121214,193.248053,195.37396,162.939892,195.478551
8.5622495,162.854678,170.524764,183.009855,193.144642,195.255118,162.854678,195.35623
8.5851948,162.767438,170.334722,182.896119,193.038797,195.133789,162.767438,195.231467
8.6082017,162.678153,170.143217,182.779985,192.930496,195.009947,162.678153,195.10424
8.6312702,162.586807,169.950254,182.661431,192.819716,194.883571,162.586807,194.974527
8.6544005,162.493383,169.770698,182.540435,192.706432,194.754636,162.493383,194.842303
8.6775928,162.397864,169.590124,182.416974,192.590623,194.623118,162.397864,194.707547
8.7008473,162.300231,169.407864,182.291028,192.462488,194.488993,162.300231,194.570236
8.724164,162.200469,169.223917,182.162572,192.324287,194.352237,162.200469,194.430346
8.7475433,162.098558,169.038277,182.031584,192.189493,194.212823,162.098558,194.287852
8.7709852,161.997162,168.856999,181.899954,192.056279,194.075818,161.997162,194.148116
8.79449,161.893945,168.674759,181.765991,191.913884,193.936762,161.893945,194.006399
8.8180577,161.788578,168.490849,181.629448,191.764321,193.795038,161.788578,193.862051
8.8416886,161.681043,168.305261,181.490304,191.612121,193.650618,161.681043,193.715044
8.8653828,161.571324,168.117995,181.34276,191.464379,193.503478,161.571324,193.565354
8.8891405,161.4594,167.929042,181.188051,191.332149,193.353592,161.4594,193.412958
8.9129618,161.345255,167.738401,181.030798,191.180357,193.200932,161.345255,193.257829
8.936847,161.22887,167.546066,180.87098,191.016474,193.045473,161.22887,193.099941
8.9607963,161.110225,167.352027,180.708573,190.848039,192.887186,161.110225,192.939267
8.9848097,160.989302,167.156283,180.543558,190.67707,192.726046,160.989302,192.775783
9.0088874,160.869044,166.963032,180.379748,190.506372,192.566935,160.869044,192.61442
9.0330297,160.751597,166.775301,180.21992,190.337945,192.413411,160.751597,192.458762
9.0572366,160.631899,166.585902,180.057523,190.166925,192.257088,160.631899,192.30034
9.0815085,160.509929,166.394827,179.892534,189.993294,192.097939,160.509929,192.13913
9.1058454,160.385671,166.202072,179.724933,189.817027,191.935937,160.385671,191.975102
9.1302475,160.259105,166.007626,179.554695,189.638105,191.771055,160.259105,191.808233
9.154715,160.130211,165.811485,179.381799,189.456505,191.603264,160.130211,191.638493
9.179248,159.998971,165.613638,179.20622,189.272248,191.432538,159.998971,191.465858
9.2038468,159.865363,165.414076,179.027935,189.089914,191.258844,159.865363,191.290298
9.2285116,159.729366,165.212789,178.846919,188.904745,191.082157,159.729366,191.111786
9.2532424,159.592513,165.011711,178.665325,188.718839,190.904936,159.592513,190.932788
9.2780395,159.463571,164.821833,178.49547,188.544236,190.741309,159.463571,190.767458
9.302903,159.332296,164.647209,178.322978,188.36688,190.574791,159.332296,190.599278
9.3278332,159.198668,164.518593,178.147823,188.186747,190.405355,159.198668,190.428222
9.3528302,159.062666,164.386832,177.969983,188.003811,190.232971,159.062666,190.254262
9.3778942,158.924271,164.247492,177.789434,187.818044,190.05761,158.924271,190.07737
9.4030253,158.783463,164.02337,177.606153,187.629421,189.879244,158.783463,189.897519
9.4282238,158.64022,163.798161,177.420115,187.437914,189.697842,158.64022,189.71468
9.4534899,158.494522,163.572621,177.231294,187.243495,189.513374,158.494522,189.528825
9.4788236,158.346347,163.357058,177.039666,187.046136,189.325811,158.346347,189.339923
9.5042252,158.197594,163.142235,176.847129,186.847204,189.13745,158.197594,189.150281
9.5296949,158.056018,162.937079,176.661457,186.652322,188.957705,158.056018,188.96933
9.5552328,157.912012,162.784099,176.473025,186.454515,188.774923,157.912012,188.785392
9.5808392,157.765557,162.627941,176.281805,186.253754,188.589074,157.765557,188.598436
9.6065142,157.61663,162.46853,176.087776,186.05001,188.400128,157.61663,188.408435
9.632258,157.465212,162.305841,175.890909,185.843256,188.208053,157.465212,188.215358
9.6580708,157.311279,162.139846,175.691179,185.633459,188.012817,157.311279,188.019176
9.6839528,157.154811,161.97052,175.48856,185.420592,187.814389,157.154811,187.819858
9.7099041,156.995785,161.797836,175.283026,185.204625,187.612737,156.995785,187.617377
9.735925,156.834179,161.621768,175.074547,184.985525,187.407826,156.834179,187.411697
9.7620156,156.677824,161.45137,174.874625,184.776251,187.211965,156.677824,187.21513
9.7881761,156.528177,161.288327,174.685403,184.579224,187.027451,156.528177,187.029974
9.8144068,156.376047,161.122012,174.493402,184.379257,186.83985,156.376047,186.841799
9.8407077,156.221413,160.9524,174.298599,184.176322,186.649131,156.221413,186.650576
9.8670791,156.064252,160.781401,174.100965,183.970389,186.455263,156.064252,186.456276
9.8935212,155.904544,160.614688,173.900475,183.761429,186.258214,155.904544,186.258867
9.9200341,155.742264,160.444308,173.697103,183.549412,186.057951,155.742264,186.058322
9.9466181,155.577392,160.270233,173.490822,183.334309,185.854444,155.577392,185.85461
9.9732733,155.409902,160.092435,173.281605,183.116084,185.647655,155.409902,185.647697
10,155.239774,159.910887,173.069423,182.89471,185.437554,155.239774,185.437554
10.17063,154.237147,158.840846,171.874912,181.685493,184.261134,154.237147,184.261134
10.344171,153.19451,157.71488,170.646961,180.447139,183.05201,153.19451,183.05201
10.520673,152.114681,156.642451,169.387604,179.168158,181.812687,152.114681,181.812687
10.700187,151.026831,155.752421,168.118464,177.869592,180.568129,151.026831,180.568129
10.882763,149.919334,154.874986,166.834084,176.568865,179.310228,149.919334,179.310228
11.068456,148.788072,153.878542,165.539148,175.277748,178.042219,148.788072,178.042219
11.257316,147.64221,152.668523,164.254002,173.992761,176.784178,147.64221,176.784178
11.449399,146.523232,151.489376,163.038397,172.815553,175.597632,146.523232,175.597632
11.64476,145.399457,150.068287,161.884194,171.712626,174.435196,145.399457,174.435196
11.843454,144.267991,148.611661,160.756802,170.648852,173.291209,144.267991,173.291209
12.045538,143.130478,147.179249,159.646221,169.620825,172.165672,143.130478,172.165672
12.251071,141.987669,145.741798,158.549488,168.604871,171.056023,141.987669,171.056023
12.46011,140.867941,144.478612,157.506348,167.648327,170.003489,140.867941,170.003489
12.672717,139.752531,143.467711,156.507846,166.770584,168.99834,139.752531,168.99834
12.888951,138.638677,142.561376,155.54395,165.974024,168.031487,138.638677,168.031487
13.108874,137.514512,141.63758,154.568072,165.20618,167.056453,137.514512,167.056453
13.332551,136.36902,140.644133,153.530568,164.340979,166.02228,136.36902,166.02228
13.560043,135.19975,139.465878,152.409853,163.323113,164.905621,135.19975,164.905621
13.791418,134.00972,138.441563,151.205436,162.177074,163.704593,134.00972,163.704593
14.02674,132.800239,137.323289,149.910783,160.891623,162.411188,132.800239,162.411188
14.266078,131.590836,136.07603,148.613088,159.581288,161.100546,131.590836,161.100546
14.509499,130.398428,134.772943,147.386875,158.33597,159.844962,130.398428,159.844962
14.757074,129.216907,133.483795,146.185945,157.144598,158.616163,129.216907,158.616163
15.008874,128.044118,132.205451,144.998953,155.958248,157.40252,128.044118,157.40252
15.26497,126.878749,130.936469,143.820623,154.785192,156.199422,126.878749,156.199422
15.525435,125.720036,129.676188,142.647926,153.624388,155.004502,125.720036,155.004502
15.790345,124.567768,128.424382,141.478053,152.495384,153.814965,124.567768,153.814965
16.059775,123.421979,127.180444,140.309765,151.399498,152.629424,123.421979,152.629424
16.333802,122.281083,125.922387,139.138241,150.286508,151.436213,122.281083,151.436213
16.612505,121.139859,124.637371,137.930034,149.0815,150.196267,121.139859,150.196267
16.895964,119.993806,123.323473,136.550198,147.715605,148.867367,119.993806,148.867367
17.184259,118.848308,121.992466,135.107606,146.25138,147.475765,118.848308,147.475765
17.477473,117.722025,120.673865,133.746487,144.881283,146.159233,117.722025,146.159233
17.775691,116.626462,119.38396,132.528929,143.69244,144.977532,116.626462,144.977532
18.078997,115.546069,118.104446,131.405105,142.531703,143.820277,115.546069,143.820277
18.387478,114.468602,116.823848,130.255663,141.364991,142.62653,114.468602,142.62653
18.701223,113.396108,115.591526,129.093475,140.150536,141.410464,113.396108,141.410464
19.020321,112.333468,114.374164,127.904915,138.859631,140.17681,112.333468,140.17681
19.344864,111.288225,113.221395,126.653586,137.55429,138.936831,111.288225,138.936831
19.674944,110.25017,112.339897,125.403751,136.294835,137.693995,110.25017,137.693995
20.010657,109.220735,111.462189,124.153441,135.025514,136.445084,109.220735,136.445084
20.352098,108.211893,110.622625,122.900529,133.772135,135.185467,108.211893,135.185467
20.699365,107.208207,109.79321,121.627248,132.482183,133.894347,107.208207,133.894347
21.052558,106.221398,108.970889,120.429078,131.237735,132.640009,106.221398,132.640009
21.411776,105.251068,108.154717,119.336243,130.044674,131.433719,105.251068,131.433719
21.777125,104.290399,107.336514,118.258937,128.870612,130.243032,104.290399,130.243032
22.148707,103.348414,106.379542,117.195983,127.696285,129.066086,103.348414,129.066086
22.526629,102.414125,105.39179,116.133915,126.445305,127.888164,102.414125,127.888164
22.911,101.498806,104.333964,115.100134,125.357195,126.741551,101.498806,126.741551
23.30193,100.593711,103.228715,114.060732,124.325344,125.613497,100.593711,125.613497
23.69953,99.7034775,102.161155,113.025136,123.268111,124.5042,99.7034775,124.5042
24.103914,98.8281792,101.131185,112.00883,122.199633,123.406248,98.8281792,123.406248
24.515198,97.9627771,100.133599,111.003381,121.12104,122.308532,97.9627771,122.308532
24.9335,97.1166885,99.1784694,110.036061,120.070816,121.243682,97.1166885,121.243682
25.358939,96.279692,98.2479534,109.092147,119.040808,120.201585,96.279692,120.201585
25.791637,95.442833,97.3475316,108.150661,118.015641,119.166328,95.442833,119.166328
26.231719,94.6080709,96.5164145,107.208205,116.98085,118.134003,94.6080709,118.134003
26.67931,93.7769117,95.7083734,106.267581,115.946305,117.106411,93.7769117,117.106411
27.134538,92.9461459,94.9012003,105.338417,114.931109,116.096633,92.9461459,116.096633
27.597533,92.1159527,94.0950092,104.417718,113.930421,115.10123,92.1159527,115.10123
28.068429,91.2862337,93.2895669,103.50057,112.936503,114.114556,91.2862337,114.114556
28.547359,90.456736,92.4844499,102.582435,111.94232,113.131476,90.456736,113.131476
29.034462,89.6279758,91.6803223,101.672995,110.963209,112.163573,89.6279758,112.163573
29.529876,88.8000767,90.8773276,100.774583,110.00293,111.2137,88.8000767,111.2137
30.033743,87.9725612,90.091907,99.8817073,109.053043,110.275562,87.9725612,110.275562
30.546207,87.1448206,89.3850134,98.9890673,108.105492,109.343159,87.1448206,109.343159
31.067416,86.3174267,88.5071641,98.106584,107.175943,108.428141,86.3174267,108.428141
31.597518,85.4905639,87.7842603,97.2378626,106.27015,107.534704,85.4905639,107.534704
32.136665,84.6636868,87.0578054,96.3781633,105.3814,106.657754,84.6636868,106.657754
32.685012,83.8364009,86.2167201,95.4849224,104.506816,105.795046,83.8364009,105.795046
33.242715,83.0083348,85.3762957,94.5983457,103.644476,104.945033,83.0083348,104.945033
33.809934,82.1822979,84.5394989,93.7211963,102.797116,104.110862,82.1822979,104.110862
34.386831,81.3553859,83.7131957,92.8495263,101.959815,103.287752,81.3553859,103.287752
34.973572,80.5267491,82.9028402,91.9817583,101.130299,102.473698,80.5267491,102.473698
35.570325,79.6990717,82.0929616,91.1194361,100.309312,101.670391,79.6990717,101.670391
36.17726,78.8708127,81.2821543,90.2651989,99.5018701,100.880589,78.8708127,100.880589
36.794551,78.0426829,80.4783879,89.4222143,98.7125838,100.107707,78.0426829,100.107707
37.422375,77.2155271,79.6885483,88.5894732,97.9390966,99.3503617,77.2155271,99.3503617
38.060912,76.3880667,78.9612918,87.7647329,97.1782331,98.6056422,76.3880667,98.6056422
38.710343,75.5607822,78.2272242,86.9553874,96.4298456,97.8735355,75.5607822,97.8735355
39.370856,74.7345716,77.4869808,86.1548949,95.6945656,97.1547478,74.7345716,97.1547478
40.04264,73.907714,76.7490706,85.3584977,94.9696723,96.4464409,73.9076982,96.4464409
40.725886,73.0859643,76.0082758,84.5842036,94.2607883,95.750011,73.0815418,95.750011
41.42079,72.2732571,75.2709674,83.8176103,93.5730711,95.0670675,72.2568761,95.0670675
42.127551,71.4681373,74.5357583,83.0570451,92.9043148,94.3957108,71.432643,94.3957108
42.846372,70.6704889,73.8026119,82.3021997,92.2536333,93.7355702,70.6091357,93.7355702
43.577457,69.868922,73.07147,81.5529444,91.6204551,93.0864667,69.7866182,93.0864667
44.321018,69.0677467,72.3258403,80.8091402,91.0042275,92.4482023,68.9652971,92.4482023
45.077266,68.2710807,71.5568833,80.0705348,90.404248,91.8204438,68.145318,91.8204438
45.846417,67.4788957,70.7836965,79.3369069,89.8198738,91.2028848,67.3267956,91.2028848
46.628693,66.6912621,70.0075043,78.6086403,89.2513159,90.5958701,66.5099463,90.5958701
47.424316,65.9081986,69.2330007,77.8859293,88.6984519,89.999515,65.6949399,89.999515
48.233515,65.1275987,68.458086,77.1664934,88.125463,89.4112172,64.8798324,89.4112172
49.056522,64.3177757,67.6499227,76.4148943,87.4502411,88.7924325,64.0332072,88.7924325
49.893571,63.4739062,66.8038223,75.6250413,86.610225,88.1366241,63.1505084,88.1366241
50.744903,62.6048933,65.9330283,74.8062224,85.7330002,87.4539457,62.2408833,87.4539457
51.610761,61.7214319,65.029038,73.9943209,84.8319171,86.7571858,61.3152597,86.7571858
52.491394,60.7506235,64.1218795,73.1981424,83.9076441,86.0539161,60.3807462,86.0539161
53.387052,59.7736556,63.2040183,72.4038056,82.9628415,85.3558579,59.4472041,85.3558579
54.297993,58.8055065,62.2898917,71.6185267,82.02242,84.6706529,58.5214436,84.6706529
55.224478,57.8545836,61.3664387,70.8510568,81.0972964,84.0077415,57.6113371,84.0077415
56.166771,56.9606784,60.4771776,70.0653725,80.2998721,83.3755272,56.7052426,83.3755272
57.125142,56.0681696,59.6080907,69.2949613,79.5522126,82.7817357,55.7863796,82.7817357
58.099866,55.2141187,58.7905783,68.5672636,78.8510802,82.2342872,54.9041271,82.2342872
59.091222,54.4082931,58.0017074,67.8903414,78.2245452,81.7410441,54.0684484,81.7410441
60.099493,53.6610105,57.2740061,67.272386,77.7016347,81.3098783,53.2899974,81.3098783
61.124968,52.9439986,56.5829705,66.6743015,77.218817,80.9096336,52.5403187,80.9096336
62.167941,52.2246365,55.9141715,66.0777946,76.7544553,80.5148456,51.7950385,80.5148456
63.22871,51.442516,55.2427085,65.4922403,76.29605,80.125073,51.0545663,80.125073
64.307579,50.6757562,54.5680137,64.918304,75.8433317,79.7398459,50.3193437,79.7398459
65.404856,49.9253794,53.8900276,64.3563303,75.3845937,79.3586648,49.5898464,79.3586648
66.520856,49.1838054,53.2140703,63.8030282,74.9603206,78.980998,48.8665849,78.980998
67.655899,48.4492463,52.537523,63.2574099,74.5460981,78.6062815,48.1501066,78.6062815
68.810309,47.7223492,51.8528209,62.719471,74.1315441,78.2339167,47.4409992,78.2339167
69.984416,47.0038026,51.1688411,62.1892035,73.7229631,77.863269,46.7398909,77.863269
71.178558,46.2943385,50.5207346,61.6665933,73.3196809,77.4936647,46.0474513,77.4936647
72.393074,45.5947376,49.9044498,61.1516231,72.9209794,77.124392,45.3643976,77.124392
73.628315,44.9058251,49.2607211,60.6442665,72.5260902,76.7546955,44.6914905,76.7546955
74.884631,44.257453,48.6246618,60.1345555,72.134197,76.383778,44.0295437,76.383778
76.162385,43.5854798,47.9970582,59.6281126,71.7648074,76.0107947,43.3794183,76.0107947
77.46194,42.9267927,47.3787541,59.127658,71.4003899,75.6348551,42.7420323,75.6348551
78.78367,42.2824643,46.7706481,58.6331918,71.0374559,75.2550176,42.1183574,75.2550176
80.127953,41.6536235,46.1882435,58.1447107,70.6376317,74.8702883,41.5094192,74.8702883
81.495173,41.0407484,45.6182667,57.661567,70.198521,74.4795137,40.9156027,74.4795137
82.885722,40.4445061,45.060373,57.183247,69.7549651,74.0815339,40.3374732,74.0815339
84.299997,39.866094,44.5153593,56.7010997,69.3062203,73.675213,39.7761161,73.675213
85.738405,39.3067702,43.9840685,56.2224293,68.8691716,73.2593532,39.2326787,73.2593532
87.201356,38.7678577,43.4673947,55.748029,68.4310436,72.8326942,38.7083749,72.8326942
88.689269,38.2507447,42.9650823,55.2778706,67.9774072,72.3939082,38.2044871,72.3939082
90.20257,37.756887,42.4907631,54.8119266,67.570241,71.941597,37.722369,71.941597
91.741693,37.2878093,42.0392992,54.3501696,67.1557771,71.4742894,37.2634499,71.4742894
93.307078,36.845108,41.6055895,53.892573,66.6827795,70.9904376,36.8292376,70.9904376
94.899173,36.4304522,41.2044865,53.4391105,66.2366877,70.4884136,36.4213221,70.4884136
96.518433,36.0455854,40.7809971,52.9897568,65.7736798,69.9665064,36.041379,69.9665064
98.165323,35.6923259,40.3963851,52.5444863,65.27343,69.4229167,35.6911727,69.4229167
99.840314,35.3725694,40.0354775,52.1052205,64.7612854,68.8557557,35.3725608,68.8557557
101.54389,35.0779005,39.6892057,51.695348,64.2429508,68.2758603,35.0744498,68.2758603
103.27652,34.7937744,39.3433041,51.2921079,63.7481865,67.7007191,34.7789902,67.7007191
105.03873,34.5192542,38.9786074,50.8951449,63.3060721,67.1304176,34.4860168,67.1304176
106.831,34.2461567,38.5866873,50.504088,62.8750776,66.5649228,34.1955127,66.5649228
108.65385,33.9607486,38.1900595,50.11857,62.3937715,66.0041921,33.9074559,66.0041921
110.50781,33.696104,37.6980652,49.7382338,61.9132407,65.4481829,33.6218247,65.4481829
112.3934,33.4369063,37.1837122,49.3627368,61.4335786,64.8968585,33.3386003,64.8968585
114.31116,33.1828736,36.6735707,48.991744,60.8548827,64.3501796,33.0577621,64.3501796
116.26165,32.9337308,36.1859833,48.6249283,60.3914725,63.8081037,32.7792887,63.8081037
118.24542,32.6892129,35.9229321,48.261976,59.9483187,63.2705945,32.5031612,63.2705945
120.26303,32.4490617,35.8235259,47.9025826,59.5082035,62.7376155,32.229361,62.7376155
122.31508,32.2130227,35.72531,47.5464477,59.0707161,62.2091228,31.9578654,62.2091228
124.40213,31.9480427,35.5856419,47.1932884,58.6354692,61.6850855,31.6886588,61.6850855
126.5248,31.6480581,35.2476304,46.7908443,58.202078,61.1654605,31.4217187,61.1654605
128.68369,31.3524601,34.9124505,46.3661493,57.7701767,60.6502125,31.1570272,60.6502125
130.87941,31.0612619,34.5957716,45.9451376,57.3394117,60.1393064,30.8945662,60.1393064
133.1126,30.7744728,34.263318,45.5278632,56.9063773,59.632703,30.6343156,59.632703
135.3839,30.4921018,33.9269948,45.114379,56.4546158,59.1303662,30.3762568,59.1303662
137.69395,30.2141574,33.6125489,44.7047378,56.0180376,58.6322621,30.1203724,58.6322621
140.04342,29.9406444,33.358096,44.2989859,55.5956997,58.1383531,29.8666431,58.1383531
142.43297,29.6715683,33.1075033,43.8971712,55.1726393,57.6486065,29.6150521,57.6486065
144.8633,29.4069301,32.86096,43.4993341,54.7493045,57.1629841,29.3655797,57.1629841
147.3351,29.1467317,32.6186501,43.1055164,54.3012859,56.6814522,29.1182087,56.6814522
149.84907,28.8909735,32.3807498,42.7157576,53.7605979,56.2039778,28.8729222,56.2039778
152.40594,28.6396529,32.1474268,42.3300925,53.2910009,55.7305248,28.6297014,55.7305248
155.00643,28.392768,31.9179709,41.9485567,52.9681237,55.2610614,28.3885303,55.2610614
157.6513,28.1503132,31.6606021,41.5711797,52.5747815,54.7955513,28.14939,54.7955513
160.3413,27.9122641,31.4068532,41.1979249,52.1452224,54.3339626,27.9122641,54.3339626
163.0772,27.6771357,31.1575162,40.8237943,51.703983,53.876262,27.6771357,53.876262
165.85978,27.4439882,30.9128851,40.4461437,51.2635121,53.4224174,27.4439882,53.4224174
168.68983,27.2128054,30.6727205,40.0656272,50.8240742,52.9723975,27.2128054,52.9723975
171.56818,26.9835691,30.4367874,39.6828753,50.3859205,52.5261667,26.9835691,52.5261667
174.49564,26.7562642,30.2048604,39.2985039,49.94013,52.0836953,26.7562642,52.0836953
177.47305,26.5308741,29.9285612,38.9131076,49.4633204,51.6449514,26.5308741,51.6449514
180.50127,26.3073822,29.6463547,38.5445714,48.984244,51.2099024,26.3073822,51.2099024
183.58116,26.085773,29.3667157,38.1971272,48.5039716,50.7785184,26.085773,50.7785184
186.71359,25.8660315,29.0897889,37.8529455,48.0569391,50.3507698,25.8660315,50.3507698
189.89948,25.6481401,28.8157106,37.5120715,47.7109999,49.926623,25.6481401,49.926623
193.13973,25.4320844,28.5353681,37.1745522,47.3659156,49.5060493,25.4320844,49.5060493
196.43526,25.2178492,28.2159541,36.8404317,47.021458,49.0890194,25.2178492,49.0890194
199.78703,25.0054181,27.9019686,36.509749,46.6447237,48.6755014,25.0054181,48.6755014
203.19599,24.7947766,27.5937933,36.1825441,46.2551393,48.265467,24.7947766,48.265467
206.66311,24.5859099,27.2917957,35.858854,45.8681103,47.8588875,24.5859099,47.8588875
210.1894,24.3788021,26.9963266,35.5387116,45.4836083,47.4557317,24.3788021,47.4557317
213.77585,24.1734393,26.7077259,35.222151,45.1016095,47.055973,24.1734393,47.055973
217.4235,23.9698063,26.4373709,34.9092017,44.7220868,46.6595814,23.9698063,46.6595814
221.13339,23.7678887,26.186053,34.5998924,44.3450155,46.2665288,23.7678887,46.2665288
224.90658,23.567672,26.0051904,34.2942497,43.9703716,45.8767875,23.567672,45.8767875
228.74415,23.369142,25.8827761,33.9922984,43.5897975,45.4903294,23.369142,45.4903294
232.6472,23.1722844,25.7514764,33.6940611,43.2313915,45.1071268,23.1722844,45.1071268
236.61685,22.9770851,25.6055405,33.3995588,42.8807731,44.727152,22.9770851,44.727152
240.65423,22.7835302,25.4437115,33.1088111,42.5319761,44.3503784,22.7835302,44.3503784
244.76051,22.5916053,25.2647808,32.8218349,42.1848496,43.9767778,22.5916053,43.9767778
248.93684,22.4012978,25.0675891,32.5386476,41.8392512,43.6063256,22.4012978,43.6063256
253.18444,22.212593,24.8565567,32.2592386,41.495667,43.2389932,22.212593,43.2389932
257.50452,22.0254778,24.6446894,31.9835148,41.1555376,42.8747549,22.0254778,42.8747549
261.89831,21.8399388,24.4324539,31.7113921,40.8188617,42.5135852,21.8399388,42.5135852
266.36707,21.6559629,24.219704,31.4427897,40.4855686,42.155458,21.6559629,42.155458
270.91208,21.4735368,24.0062997,31.1776282,40.155589,41.8003477,21.4735368,41.8003477
275.53464,21.2926474,23.7921057,30.9158301,39.8241272,41.4482288,21.2926474,41.4482288
280.23608,21.1132817,23.5769919,30.6573191,39.4879751,41.0990757,21.1132817,41.0990757
285.01773,20.9354272,23.3608341,30.4020217,39.1533007,40.7528645,20.9354272,40.7528645
289.88098,20.7590706,23.1435118,30.1498642,38.8201258,40.409569,20.7590706,40.409569
294.82721,20.5841996,22.9335149,29.9257709,38.4409795,40.0691655,20.5841996,40.0691655
299.85783,20.410802,22.7282936,29.7163367,38.0346633,39.73163,20.410802,39.73163
304.97429,20.2388649,22.5348053,29.5097399,37.6227621,39.3969377,20.2388649,39.3969377
310.17806,20.0683759,22.3869905,29.2970241,37.2166734,39.0650641,20.0683759,39.0650641
315.47061,19.8993235,22.1452039,29.0602921,36.8207833,38.735987,19.8993235,38.735987
320.85347,19.7316951,21.9105154,28.8261924,36.5884109,38.4096818,19.7316951,38.4096818
326.32818,19.5654786,21.726383,28.5946771,36.2902106,38.0861251,19.5654786,38.0861251
331.89631,19.4006622,21.5747558,28.3656992,35.9606591,37.7652938,19.4006622,37.7652938
337.55944,19.2372344,21.4269157,28.1392132,35.6660133,37.4471655,19.2372344,37.4471655
343.3192,19.0751833,21.2828354,27.9151735,35.3744213,37.1317171,19.0751833,37.1317171
349.17725,18.914497,21.1424872,27.6935356,35.0858307,36.8189254,18.914497,36.8189254
355.13524,18.7551647,21.0234067,27.4742569,34.7861073,36.5087694,18.7551647,36.5087694
361.1949,18.5971743,20.9156549,27.236332,34.4848107,36.2012257,18.5971743,36.2012257
367.35795,18.440515,20.6679215,27.0045152,34.1859286,35.8962728,18.440515,35.8962728
373.62617,18.285175,20.5105735,26.7989923,33.8894441,35.5938884,18.285175,35.5938884
380.00134,18.1311438,20.3979903,26.5755991,33.5942226,35.2940515,18.1311438,35.2940515
386.48528,17.9784103,20.2407517,26.3467315,33.2887771,34.9967407,17.9784103,34.9967407
393.07987,17.8269631,20.0830527,26.1191733,32.9859065,34.7019338,17.8269631,34.7019338
399.78697,17.6767918,19.9456619,25.8929073,32.6856293,34.4096109,17.6767918,34.4096109
406.60852,17.5278856,19.8149979,25.6679148,32.3879611,34.1197502,17.5278856,34.1197502
413.54647,17.3802335,19.6864271,25.4441783,32.0929172,33.832331,17.3802335,33.832331
420.60279,17.2338255,19.5599125,25.2216817,31.8328933,33.5473334,17.2338255,33.5473334
427.77952,17.0886507,19.4354171,25.0004074,31.5863948,33.2647363,17.0886507,33.2647363
435.0787,16.9446988,19.2641009,24.78034,31.3197907,32.98452,16.9446988,32.98452
442.50243,16.8019596,19.0675245,24.5614634,31.038532,32.706664,16.8019596,32.706664
450.05284,16.6604226,18.873139,24.3437622,30.7598424,32.4311483,16.6604226,32.4311483
457.73207,16.5200781,18.6729461,24.1272223,30.4837239,32.157954,16.5200781,32.157954
465.54233,16.3809158,18.5143249,23.9118286,30.2101766,31.8870609,16.3809158,31.8870609
473.48586,16.2429258,18.3565934,23.6975671,29.9392008,31.6184497,16.2429258,31.6184497
481.56493,16.1060981,18.2006446,23.4844243,29.7848027,31.3521013,16.1060981,31.3521013
489.78185,15.9704231,18.0464721,23.2723868,29.582148,31.0879966,15.9704231,31.0879966
498.13898,15.8358909,17.9348418,23.0614414,29.3176342,30.8261165,15.8358909,30.8261165
506.63871,15.702492,17.824674,22.8515757,29.0563809,30.5664423,15.702492,30.5664423
515.28346,15.570217,17.7157853,22.6427778,28.822839,30.308956,15.570217,30.308956
524.07572,15.4390561,17.6081425,22.4350354,28.6322076,30.0536386,15.4390561,30.0536386
533.01801,15.309,17.501713,22.2283366,28.4422886,29.8004716,15.309,29.8004716
542.11287,15.1800396,17.3924171,22.0226709,28.2530149,29.5494376,15.1800396,29.5494376
551.36292,15.0521656,17.2770563,21.818027,28.0643211,29.3005181,15.0521656,29.3005181
560.7708,14.9253687,17.1344225,21.629337,27.8761445,29.0536957,14.9253687,29.0536957
570.33921,14.79964,16.9782164,21.4435016,27.641711,28.8089523,14.79964,28.8089523
580.07089,14.6749703,16.8240788,21.2595945,27.4072678,28.5662705,14.6749703,28.5662705
589.96861,14.5513509,16.6720129,21.0776013,27.2506088,28.3256332,14.5513509,28.3256332
600.03522,14.4287728,16.5220209,20.8975067,27.1548967,28.0870229,14.4287728,28.0870229
610.2736,14.3072272,16.3894494,20.7192961,26.9836523,27.8504225,14.3072272,27.8504225
620.68667,14.1867056,16.2345153,20.5429551,26.760297,27.6158153,14.1867056,27.6158153
631.27742,14.0671992,16.0806103,20.3684688,26.5398365,27.3831844,14.0671992,27.3831844
642.04888,13.9486995,15.9277273,20.1958227,26.3222645,27.1525132,13.9486995,27.1525132
653.00414,13.831198,15.775859,20.0250017,26.1075741,26.9237848,13.831198,26.9237848
664.14632,13.7146864,15.6249988,19.8559917,25.8957583,26.6969836,13.7146864,26.6969836
675.47862,13.5991562,15.4751394,19.6887779,25.6868087,26.4720927,13.5991562,26.4720927
687.00429,13.4845992,15.3312093,19.5233456,25.4807169,26.2490962,13.4845992,26.2490962
698.72661,13.3710073,15.1900152,19.3596805,25.2774739,26.0279784,13.3710073,26.0279784
710.64896,13.2583721,15.0507613,19.2100769,25.0770698,25.808723,13.2583721,25.808723
722.77473,13.1466859,14.9134449,18.9869291,24.8794946,25.5913148,13.1466859,25.5913148
735.10741,13.0359404,14.7780624,18.7637243,24.6847375,25.3757379,13.0359404,25.3757379
747.65051,12.9261279,14.6446102,18.5834922,24.4927874,25.1619771,12.9261279,25.1619771
760.40764,12.8172404,14.5077319,18.4435975,24.3036324,24.9500168,12.8172404,24.9500168
773.38245,12.7092701,14.3703139,18.3064186,24.1172607,24.7398421,12.7092701,24.7398421
786.57864,12.6022094,14.2296903,18.1702887,23.9336596,24.5314379,12.6022094,24.5314379
800,12.4960505,14.0263385,18.035193,23.752816,24.3247892,12.4960505,24.3247892
