R_kpc,b1,b2,b3,b4,b5
1,192.413987,193.760912,196.389257,204.558794,215.357077
1.0031058,192.574866,193.927214,196.552720,204.713705,215.506448
1.0062213,192.735243,194.093048,196.715668,204.867951,215.655014
1.0093465,192.895110,194.258405,196.878097,205.021538,215.802766
1.0124814,193.054465,194.423269,197.039987,205.174455,215.949711
1.015626,193.213288,194.587653,197.201348,205.326689,216.095813
1.0187804,193.371590,194.751533,197.362159,205.478240,216.241089
1.0219446,193.529351,194.914915,197.522431,205.629097,216.385521
1.0251186,193.686570,195.077801,197.682148,205.779254,216.529106
1.0283024,193.843247,195.240158,197.841301,205.928693,216.671817
1.0314962,193.999374,195.402011,197.999891,206.077434,216.813674
1.0346999,194.154949,195.563345,198.157911,206.225447,216.954646
1.0379135,194.309953,195.724144,198.315356,206.372737,217.094732
1.0411371,194.464385,195.884406,198.472213,206.519282,217.233924
1.0443707,194.618246,196.044138,198.628485,206.665096,217.372220
1.0476144,194.771526,196.203326,198.784158,206.800766,217.509602
1.0508681,194.924224,196.361955,198.937347,206.932963,217.646059
1.0541319,195.076320,196.520029,199.087742,207.064291,217.781581
1.0574059,195.227816,196.677544,199.239710,207.194749,217.916178
1.0606901,195.378711,196.834492,199.392918,207.324326,218.049822
1.0639844,195.528993,196.990862,199.545492,207.453002,218.182509
1.067289,195.678655,197.146655,199.699150,207.580789,218.314232
1.0706038,195.827694,197.301852,199.854771,207.707673,218.444979
1.0739289,195.976092,197.456468,200.009773,207.833630,218.574742
1.0772644,196.123860,197.610481,200.164159,207.958667,218.703521
1.0806102,196.270985,197.763893,200.315984,208.082774,218.831284
1.0839664,196.417460,197.916688,200.466713,208.205932,218.958033
1.0873331,196.563273,198.068867,200.616788,208.328142,219.083767
1.0907102,196.708425,198.220426,200.766202,208.449384,219.208466
1.0940978,196.852905,198.371358,200.914936,208.569665,219.332131
1.0974959,196.996713,198.521642,201.063005,208.688960,219.454740
1.1009045,197.139820,198.671286,201.210383,208.807265,219.576275
1.1043238,197.282245,198.820285,201.357077,208.924574,219.696755
1.1077536,197.423969,198.968623,201.503070,209.039021,219.816139
1.1111941,197.564991,199.116303,201.648359,209.150925,219.934439
1.1146453,197.705301,199.263315,201.792937,209.261774,220.051625
1.1181073,197.844891,199.409649,201.936806,209.371566,220.167716
1.1215799,197.983748,199.555294,202.079938,209.480264,220.282672
1.1250634,198.121874,199.700252,202.222347,209.587884,220.396493
1.1285577,198.259259,199.844518,202.364010,209.694410,220.509170
1.1320628,198.395881,199.988068,202.504922,209.799828,220.620691
1.1355788,198.531762,200.130917,202.645085,209.904131,220.731037
1.1391058,198.666871,200.273048,202.784488,210.007301,220.840219
1.1426436,198.801208,200.414440,202.923114,210.109331,220.948196
1.1461925,198.934773,200.555112,203.060972,210.210216,221.054988
1.1497524,199.067547,200.695036,203.198039,210.309935,221.160555
1.1533234,199.199519,200.834219,203.334312,210.408490,221.264907
1.1569054,199.330689,200.972643,203.469788,210.505856,221.368025
1.1604986,199.461056,201.110307,203.604460,210.602027,221.469887
1.1641029,199.590602,201.247201,203.738306,210.697001,221.570504
1.1677185,199.719317,201.383318,203.871334,210.790752,221.669848
1.1713452,199.847198,201.518642,204.003529,210.883274,221.767895
1.1749833,199.974228,201.653186,204.134881,210.974560,221.864668
1.1786326,200.100416,201.786921,204.265392,211.064599,221.960126
1.1822932,200.225740,201.917977,204.395037,211.153362,222.054258
1.1859653,200.350195,202.041939,204.523818,211.240868,222.147066
1.1896487,200.473775,202.165002,204.651728,211.327070,222.238529
1.1933436,200.596464,202.287156,204.778759,211.411984,222.328637
1.1970499,200.718259,202.408390,204.904888,211.495581,222.417379
1.2007678,200.839163,202.528696,205.030128,211.577861,222.504736
1.2044972,200.959145,202.648071,205.152611,211.658795,222.590699
1.2082381,201.078202,202.766505,205.272035,211.738381,222.675245
1.2119908,201.196339,202.883981,205.390518,211.816613,222.758378
1.215755,201.313522,203.000497,205.508026,211.893474,222.840074
1.219531,201.429773,203.116041,205.624552,211.968940,222.920325
1.2233186,201.545060,203.230597,205.740104,212.042999,222.999111
1.2271181,201.659375,203.344172,205.854660,212.115653,223.076422
1.2309293,201.772727,203.456738,205.969772,212.186877,223.152247
1.2347524,201.885086,203.568302,206.086570,212.256664,223.226567
1.2385874,201.996453,203.678837,206.202378,212.324995,223.299362
1.2424342,202.106805,203.788351,206.317188,212.391858,223.370631
1.2462931,202.216155,203.896815,206.430995,212.457243,223.440141
1.2501639,202.324550,204.004246,206.543718,212.542734,223.508312
1.2540467,202.433546,204.110704,206.653924,212.653336,223.580263
1.2579416,202.541509,204.216092,206.763083,212.762844,223.650667
1.2618485,202.648438,204.320402,206.871177,212.871236,223.719514
1.2657676,202.754313,204.423621,206.978208,212.978507,223.786794
1.2696989,202.859134,204.525733,207.084160,213.084650,223.852486
1.2736424,202.962882,204.626744,207.189028,213.189641,223.916580
1.2775982,203.065547,204.726625,207.292798,213.258941,223.979049
1.2815662,203.167126,204.825377,207.395454,213.326754,224.039888
1.2855465,203.267601,204.922988,207.496990,213.393083,224.099089
1.2895393,203.366973,205.019442,207.597403,213.457911,224.156624
1.2935444,203.465220,205.114724,207.696667,213.521235,224.212471
1.2975619,203.562322,205.208835,207.794787,213.583020,224.266629
1.301592,203.658300,205.301758,207.891743,213.643274,224.319080
1.3056345,203.753103,205.393469,207.987525,213.701968,224.369802
1.3096896,203.846751,205.483980,208.082123,213.759092,224.418786
1.3137573,203.939225,205.573270,208.176879,213.807282,224.466002
1.3178376,204.030503,205.661320,208.271131,213.852974,224.511450
1.3219306,204.120586,205.748119,208.364174,213.896985,224.555099
1.3260364,204.209456,205.833668,208.455999,213.939286,224.596941
1.3301548,204.297098,205.917937,208.546578,213.979864,224.636953
1.3342861,204.383515,206.001316,208.635924,214.018703,224.675126
1.3384302,204.468677,206.083495,208.724011,214.055789,224.711432
1.3425872,204.552584,206.164386,208.810828,214.091096,224.745858
1.346757,204.635223,206.243950,208.896359,214.124621,224.778394
1.3509398,204.716577,206.322188,208.980602,214.156342,224.809002
1.3551357,204.796635,206.399089,209.063535,214.186234,224.837692
1.3593445,204.875377,206.474624,209.140591,214.214284,224.864421
1.3635664,204.952811,206.548800,209.213442,214.240474,224.889171
1.3678015,205.028911,206.621601,209.284898,214.264792,224.911942
1.3720497,205.103662,206.693003,209.354938,214.287217,224.932703
1.376311,205.177056,206.762999,209.424740,214.307722,224.951434
1.3805856,205.249074,206.831567,209.496345,214.326294,224.968115
1.3848735,205.319704,206.898708,209.566532,214.342926,224.982727
1.3891747,205.388947,206.964393,209.635295,214.357584,224.995258
1.3934893,205.456773,207.028629,209.702610,214.370253,225.005679
1.3978173,205.523171,207.091377,209.768471,214.380917,225.013970
1.4021587,205.588140,207.152638,209.832863,214.407332,225.020110
1.4065136,205.651642,207.212399,209.895777,214.474377,225.022584
1.410882,205.713685,207.270634,209.957181,214.540480,225.020078
1.415264,205.774249,207.327330,210.017082,214.612648,225.015306
1.4196596,205.833316,207.382488,210.075453,214.683363,225.008267
1.4240688,205.890872,207.436075,210.132285,214.752605,224.998931
1.4284918,205.946910,207.488087,210.181977,214.820361,224.987279
1.4329285,206.001399,207.538499,210.229336,214.886612,224.973280
1.4373789,206.054337,207.587302,210.275054,214.909938,224.956913
1.4418432,206.105707,207.634485,210.319120,214.977524,224.938159
1.4463214,206.155497,207.680019,210.361516,215.043582,224.916997
1.4508134,206.203685,207.723903,210.402219,215.108091,224.893398
1.4553194,206.250254,207.766109,210.441221,215.171044,224.867342
1.4598394,206.295201,207.806625,210.478506,215.232419,224.838798
1.4643735,206.338499,207.845433,210.514050,215.292197,224.807746
1.4689216,206.380134,207.882518,210.547358,215.350376,224.774165
1.4734838,206.420088,207.917864,210.583494,215.406919,224.738017
1.4780603,206.458342,207.951458,210.624871,215.461833,224.699290
1.4826509,206.494893,207.983273,210.664534,215.515089,224.657955
1.4872558,206.529721,208.013298,210.702478,215.566677,224.613991
1.491875,206.562797,208.041511,210.738673,215.616577,224.567358
1.4965085,206.594110,208.067893,210.773113,215.664768,224.518036
1.5011564,206.637072,208.105367,210.818008,215.724190,224.482634
1.5058188,206.719155,208.180386,210.898390,215.821319,224.495177
1.5104957,206.799923,208.254022,210.977411,215.917172,224.505624
1.515187,206.879374,208.326237,211.055068,216.011739,224.513935
1.519893,206.957482,208.397041,211.131341,216.105013,224.520111
1.5246135,207.034242,208.466411,211.206213,216.196969,224.524111
1.5293488,207.109647,208.534341,211.279682,216.287610,224.525926
1.5340987,207.183676,208.600806,211.351720,216.376907,224.525535
1.5388634,207.256308,208.665792,211.409783,216.464857,224.522917
1.5436428,207.327543,208.729294,211.462817,216.551450,224.518043
1.5484372,207.397363,208.796617,211.530648,216.636659,224.510894
1.5532464,207.465755,208.864887,211.597202,216.720488,224.501448
1.5580705,207.532700,208.931691,211.662264,216.802903,224.489686
1.5629097,207.598189,208.997020,211.725832,216.883912,224.475587
1.5677638,207.662208,209.060872,211.787876,216.963490,224.459121
1.5726331,207.724751,209.123216,211.848396,217.041624,224.440259
1.5775174,207.785785,209.184053,211.904993,217.118299,224.418999
1.5824169,207.845311,209.243351,211.957300,217.193498,224.395292
1.5873317,207.903299,209.301113,212.007990,217.267218,224.369138
1.5922617,207.959759,209.357314,212.057045,217.339440,224.340487
1.597207,208.014649,209.411937,212.104456,217.409275,224.309337
1.6021677,208.067970,209.464970,212.150203,217.470230,224.275660
1.6071438,208.119702,209.516403,212.194271,217.529559,224.239415
1.6121354,208.169825,209.566215,212.236640,217.587253,224.200592
1.6171424,208.218337,209.614385,212.277298,217.643300,224.159160
1.622165,208.265209,209.660904,212.316227,217.694443,224.115091
1.6272032,208.310431,209.705760,212.353417,217.712222,224.068362
1.6322571,208.353982,209.748927,212.388837,217.727992,224.018945
1.6373266,208.395852,209.791270,212.426087,217.741754,223.966808
1.6424119,208.436031,209.832782,212.463273,217.753478,223.911942
1.647513,208.474478,209.872576,212.498699,217.763154,223.854296
1.6526299,208.498907,209.910643,212.532335,217.782389,223.793852
1.6577627,208.519864,209.946955,212.554728,217.832533,223.730577
1.6629115,208.538923,209.981500,212.571759,217.880947,223.664452
1.6680762,208.556053,210.014255,212.597133,217.927597,223.595446
1.673257,208.571244,210.045222,212.622962,217.972483,223.523520
1.6784539,208.584475,210.074362,212.646916,218.015585,223.448654
1.6836669,208.610424,210.101663,212.668968,218.056883,223.370815
1.6888962,208.637238,210.127104,212.692155,218.096367,223.289967
1.6941416,208.662216,210.151459,212.717587,218.134003,223.206086
1.6994034,208.685329,210.174017,212.741119,218.169784,223.119143
1.7046815,208.706566,210.194675,212.762499,218.203681,223.029099
1.7099759,208.725905,210.213414,212.761004,218.235688,222.939047
1.7152869,208.743339,210.230214,212.750210,218.262441,222.849114
1.7206143,208.758834,210.245061,212.748238,218.269187,222.756055
1.7259583,208.772382,210.257928,212.706770,218.273766,222.659839
1.7313188,208.783951,210.268803,212.708811,218.255346,222.560436
1.7366961,208.793542,210.274212,212.709534,218.277720,222.457798
1.74209,208.801112,210.267646,212.708139,218.298079,222.351903
1.7475006,208.806653,210.258889,212.704615,218.316406,222.242728
1.7529281,208.844738,210.281158,212.730438,218.369015,222.178598
1.7583724,208.910787,210.330079,212.781454,218.451119,222.153182
1.7638337,208.975366,210.377328,212.830829,218.531777,222.125306
1.7693119,209.038443,210.422913,212.880797,218.610969,222.094959
1.7748071,209.100019,210.466803,212.936269,218.688695,222.062102
1.7803194,209.160074,210.508990,212.990125,218.764933,222.026714
1.7858488,209.218586,210.549444,213.039024,218.839665,221.988775
1.7913954,209.275557,210.588165,213.079771,218.912879,221.948244
1.7969592,209.330964,210.625120,213.097785,218.984564,221.905113
1.8025403,209.384789,210.660303,213.116941,219.054701,221.859349
1.8081387,209.433995,210.706141,213.147841,219.123279,221.810933
1.8137545,209.480901,210.751113,213.181760,219.190276,221.759815
1.8193877,209.526134,210.794398,213.214356,219.255685,221.705995
1.8250385,209.569683,210.824295,213.245137,219.319491,221.649432
1.8307068,209.611529,210.848998,213.266066,219.371192,221.590096
1.8363927,209.651660,210.872486,213.283925,219.312512,221.527967
1.8420962,209.690065,210.898302,213.299837,219.344305,221.463013
1.8478175,209.726716,210.935128,213.323926,219.400215,221.395207
1.8535565,209.761590,210.970475,213.349895,219.454414,221.324515
1.8593134,209.794689,211.006811,213.373969,219.506901,221.250911
1.8650882,209.825980,211.041364,213.396125,219.557658,221.199210
1.8708808,209.855453,211.074121,213.416354,219.586186,221.146698
1.8766915,209.883089,211.105053,213.434626,219.554322,221.091467
1.8825202,209.908866,211.065716,213.450935,219.589289,221.033480
1.8883671,209.933327,211.073168,213.465252,219.620656,220.972724
1.8942321,209.956871,211.047085,213.477559,219.591328,220.909159
1.9001153,209.978519,211.056254,213.487833,219.630792,220.852665
1.9060167,209.998253,211.073630,213.496057,219.668398,220.862010
1.9119365,210.016051,211.067941,213.502216,219.704128,220.796011
1.9178747,210.031894,211.051023,213.505068,219.737953,220.697602
1.9238313,210.045770,211.033543,213.510935,219.769869,220.595992
1.9298065,210.057651,211.013857,213.522057,219.799848,220.573328
1.9358002,210.067514,211.012005,213.531129,219.770247,220.591925
1.9418125,210.075349,211.021181,213.538137,219.714962,220.599151
1.9478434,210.018568,211.028960,213.543055,219.721708,220.614960
1.9538932,209.914087,211.003765,213.545863,219.640199,220.553551
1.9599617,209.806442,210.969492,213.546541,219.571346,220.426633
1.966049,209.695566,210.969536,213.545067,219.523448,220.321901
1.9721553,209.581449,210.952940,213.541423,219.529962,220.285330
1.9782805,209.464040,210.921529,213.535576,219.471674,220.153760
1.9844247,209.343319,210.900229,213.527526,219.353990,220.156320
1.990588,209.309086,210.883751,213.517224,219.225619,220.166184
1.9967705,209.296341,210.864960,213.504668,219.078721,220.173892
2.0029722,209.311444,210.873804,213.518875,219.042220,220.208952
2.0091931,209.357474,210.913354,213.520181,219.086138,220.274403
2.0154334,209.401834,210.951150,213.498117,219.128255,220.338245
2.021693,209.444510,210.973300,213.473688,219.114712,220.400436
2.0279721,209.485484,210.980138,213.446863,219.078746,220.460976
2.0342706,209.528034,210.984934,213.417621,219.118824,220.519843
2.0405888,209.570956,210.990174,213.396714,219.101661,220.577030
2.0469265,209.612175,210.986851,213.409936,219.052601,220.632503
2.053284,209.651671,210.981389,213.421148,219.005624,220.686264
2.0596612,209.689442,210.973762,213.433620,218.953321,220.738280
2.0660582,209.725450,210.963959,213.454999,218.880232,220.788542
2.072475,209.690333,210.951946,213.472513,218.804226,220.837039
2.0789118,209.619989,210.937715,213.484977,218.722764,220.883348
2.0853686,209.546819,210.921233,213.495408,218.636531,220.927093
2.0918455,209.470813,210.902477,213.503796,218.547235,220.969014
2.0983424,209.391921,210.881434,213.510111,218.454838,221.008838
2.1048596,209.310123,210.873110,213.514342,218.359327,221.046464
2.1113969,209.225379,210.888277,213.516458,218.260654,221.082187
2.1179546,209.225795,210.901456,213.516450,218.158776,221.116007
2.1245327,209.237978,210.912635,213.514292,218.053685,221.147884
2.1311311,209.248165,210.921793,213.509958,217.945327,221.177815
2.1377501,209.256325,210.930737,213.485278,217.833673,221.189270
2.1443896,209.262896,210.917685,213.418488,217.737664,221.188653
2.1510498,209.272362,210.878566,213.383088,217.645308,221.215595
2.1577306,209.279812,210.836932,213.378174,217.543089,221.240074
2.1644322,209.285206,210.792767,213.360923,217.436047,221.261870
2.1711546,209.288542,210.746763,213.341361,217.310080,221.271500
2.1778979,209.289781,210.687535,213.319458,217.180615,221.267574
2.1846621,209.288903,210.611383,213.295196,217.047630,221.261409
2.1914474,209.222478,210.532347,213.268548,216.947219,221.252983
2.1982537,209.142542,210.462980,213.239491,216.920780,221.242258
2.2050811,209.059689,210.395138,213.208000,216.891863,221.229241
2.2119298,208.973890,210.332938,213.104202,216.860419,221.213874
2.2187997,208.885113,210.269297,212.990184,216.826449,221.208098
2.2256909,208.793328,210.204717,212.912117,216.752308,221.209895
2.2326036,208.698507,210.131584,212.859733,216.663586,221.209421
2.2395377,208.600618,210.048606,212.804698,216.633601,221.206670
2.2464934,208.499612,210.000749,212.729091,216.601072,221.201614
2.2534707,208.494851,210.006069,212.660844,216.605333,221.225178
2.2604696,208.534490,210.008558,212.643285,216.647403,221.278146
2.2674903,208.572401,210.008979,212.625477,216.687667,221.329368
2.2745328,208.608553,210.007298,212.651826,216.726098,221.378822
2.2815971,208.554266,210.003509,212.676278,216.762692,221.426478
2.2886834,208.483847,209.997585,212.698820,216.797411,221.472316
2.2957917,208.410616,209.990837,212.719436,216.830251,221.516336
2.3029221,208.334543,209.984290,212.738099,216.861184,221.558515
2.3100746,208.295724,209.975575,212.754800,216.890196,221.598824
2.3172494,208.264599,209.931587,212.769513,216.917271,221.637252
2.3244464,208.231082,209.904846,212.782218,216.942383,221.673777
2.3316658,208.195141,209.898159,212.792900,216.965515,221.708380
2.3389076,208.156756,209.893412,212.801532,216.986645,221.741049
2.3461719,208.115897,209.873930,212.804721,217.005751,221.771753
2.3534588,208.074375,209.857094,212.783660,217.022823,221.800473
2.3607682,208.032889,209.837994,212.731689,217.037828,221.827205
2.3681004,207.988899,209.833425,212.677042,217.050751,221.851912
2.3754554,207.942376,209.847060,212.668824,217.061565,221.874581
2.3828332,207.893299,209.845093,212.668608,217.070262,221.895181
2.3902339,207.841648,209.825074,212.666235,217.076808,221.913711
2.3976576,207.787383,209.802705,212.661689,217.081177,221.930131
2.4051044,207.730473,209.774573,212.654936,217.083365,221.944430
2.4125743,207.670907,209.733513,212.643470,217.083340,221.956586
2.4200674,207.608656,209.689931,212.613827,217.081072,221.966569
2.4275838,207.543680,209.643797,212.597416,217.076542,221.974358
2.4351235,207.475957,209.595081,212.582437,217.069735,221.979941
2.4426866,207.405457,209.489982,212.523144,217.060614,221.983287
2.4502732,207.356710,209.362198,212.498065,217.049174,221.984377
2.4578834,207.308664,209.252480,212.461354,217.035366,221.983178
2.4655172,207.257999,209.175656,212.415882,217.019187,221.979689
2.4731747,207.204694,209.100318,212.367808,217.000600,221.973860
2.480856,207.093874,209.039295,212.317388,216.979589,221.965679
2.4885612,206.927802,208.976144,212.271960,216.956116,221.955115
2.4962903,206.817532,208.910254,212.196746,216.930167,221.942158
2.5040434,206.786686,208.913576,212.140343,216.951136,221.961082
2.5118206,206.816883,208.978115,212.156175,217.007173,222.009581
2.5196219,206.845291,209.041148,212.171692,217.055627,222.056267
2.5274475,206.871901,209.090157,212.216928,217.102324,222.101132
2.5352974,206.896692,209.083654,212.243135,217.147243,222.144134
2.5431716,206.919642,209.080317,212.264726,217.190362,222.185280
2.5510703,206.940742,209.105536,212.284388,217.231682,222.224532
2.5589936,206.959971,209.137643,212.299994,217.271163,222.261879
2.5669414,206.977309,209.167963,212.305925,217.308794,222.297299
2.5749139,206.992734,209.198835,212.317968,217.344563,222.330781
2.5829112,207.006227,209.236840,212.358806,217.378453,222.362295
2.5909334,207.017777,209.273086,212.397902,217.410431,222.391830
2.5989804,207.027352,209.307544,212.435224,217.440488,222.419354
2.6070525,207.034954,209.340211,212.470767,217.468602,222.444868
2.6151496,207.040541,209.371049,212.504511,217.494753,222.468319
2.6232718,207.044111,209.400055,212.536436,217.518921,222.489716
2.6314193,207.045626,209.427210,212.566526,217.541087,222.509020
2.6395921,207.045084,209.452490,212.594762,217.561229,222.526219
2.6477903,207.042444,209.475888,212.621127,217.579334,222.541292
2.6560139,207.037706,209.490441,212.645596,217.595364,222.554207
2.6642631,207.030839,209.491634,212.668164,217.609311,222.564954
2.6725379,207.021823,209.466475,212.688801,217.621160,222.573511
2.6808384,207.010636,209.409674,212.707491,217.630873,222.579838
2.6891647,206.997259,209.354936,212.742869,217.638438,222.583924
2.6975168,206.981659,209.340046,212.768668,217.643826,222.585756
2.7058949,206.963827,209.322910,212.788921,217.668538,222.585294
2.714299,206.943741,209.304686,212.792439,217.715068,222.582516
2.7227292,206.921372,209.294154,212.781737,217.759827,222.577403
2.7311856,206.896698,209.281419,212.774870,217.802783,222.569942
2.7396683,206.869688,209.266459,212.765778,217.843917,222.560082
2.7481773,206.840332,209.249254,212.754453,217.883223,222.547821
2.7567127,206.911859,209.323387,212.824485,217.988499,222.584447
2.7652746,207.010182,209.421682,212.915872,218.102123,222.633174
2.7738632,207.107334,209.518792,213.005970,218.212998,222.680067
2.7824784,207.203306,209.614705,213.094764,218.322662,222.725122
2.7911203,207.298097,209.709404,213.170385,218.431130,222.768319
2.7997891,207.391677,209.802877,213.236975,218.522271,222.809628
2.8084848,207.484055,209.895123,213.309933,218.567882,222.849056
2.8172076,207.575202,209.986123,213.386939,218.611680,222.886555
2.8259574,207.648593,210.075868,213.465856,218.653643,222.922122
2.8347344,207.711975,210.155715,213.552216,218.693761,222.955737
2.8435387,207.773864,210.231286,213.637218,218.732015,222.987368
2.8523703,207.834257,210.305451,213.721227,218.768379,223.017015
2.8612293,207.893144,210.378200,213.808222,218.802838,223.044635
2.8701158,207.950497,210.449505,213.895047,218.835374,223.070219
2.87903,208.006304,210.519373,213.980512,218.865961,223.093756
2.8879718,208.060546,210.587776,214.064608,218.894587,223.115203
2.8969414,208.113222,210.648034,214.142309,218.921232,223.134561
2.9059389,208.164311,210.690525,214.214393,218.945867,223.151788
2.9149643,208.213793,210.731303,214.284995,218.968484,223.166882
2.9240177,208.261649,210.770352,214.358253,218.989050,223.179802
2.9330993,208.307878,210.807871,214.433226,219.004275,223.190539
2.9422091,208.352450,210.844228,214.506737,219.070811,223.199069
2.9513471,208.395362,210.890215,214.578776,219.163866,223.205362
2.9605136,208.436579,210.957593,214.618208,219.255567,223.209406
2.9697085,208.476106,211.023493,214.652534,219.345886,223.211161
2.9789319,208.513914,211.087904,214.684985,219.434808,223.210614
2.9881841,208.549994,211.150802,214.746542,219.522326,223.207746
2.9974649,208.584315,211.212169,214.811805,219.608436,223.209474
3.0067746,208.713125,211.347397,214.930469,219.749889,223.258795
3.0161132,208.877226,211.510104,215.068739,219.911773,223.307729
3.0254808,209.040696,211.672141,215.207435,220.072881,223.354833
3.0348775,209.203518,211.833500,215.351309,220.233210,223.405601
3.0443033,209.365698,211.985417,215.494317,220.392752,223.455490
3.0537585,209.527229,212.127485,215.636461,220.551504,223.501883
3.063243,209.688089,212.268713,215.777715,220.698433,223.546417
3.072757,209.848290,212.409081,215.918084,220.839615,223.589071
3.0823005,210.007810,212.548583,216.056233,220.979836,223.629825
3.0918736,210.166660,212.687215,216.186617,221.119079,223.668666
3.1014765,210.324810,212.825253,216.316008,221.257333,223.705565
3.1111093,210.482269,212.970592,216.444407,221.394583,223.740501
3.1207719,210.639028,213.115106,216.571802,221.530839,223.773471
3.1304645,210.795066,213.258776,216.698188,221.666068,223.804436
3.1401873,210.950404,213.401618,216.788491,221.800269,223.833393
3.1499402,211.105001,213.543597,216.891589,221.933429,223.860303
3.1597235,211.258877,213.684721,217.033387,222.004576,223.885020
3.1695371,211.412013,213.824976,217.174281,222.047797,223.907288
3.1793812,211.553638,213.951951,217.314250,222.088713,223.927440
3.1892559,211.660181,214.063770,217.434637,222.107117,224.020821
3.1991612,211.765586,214.174462,217.553642,222.123389,224.145363
3.2090974,211.869844,214.284028,217.671553,222.137519,224.150662
3.2190643,211.972934,214.392445,217.788359,222.149476,224.152295
3.2290623,212.074848,214.503093,217.904046,222.159248,224.151610
3.2390912,212.175574,214.622238,218.018602,222.166809,224.175594
3.2491514,212.275102,214.740304,218.151044,222.172126,224.237771
3.2592428,212.459853,214.928006,218.344736,222.229624,224.365579
3.2693655,212.652074,215.121724,218.543170,222.290401,224.461429
3.2795196,212.843849,215.314976,218.741138,222.349473,224.516880
3.2897053,213.035648,215.510025,218.924752,222.406813,224.570539
3.2999227,213.228007,215.707426,219.090095,222.462418,224.622398
3.3101717,213.419909,215.891934,219.266491,222.529515,224.672432
3.3204526,213.611358,216.083293,219.449034,222.679777,224.797703
3.3307654,213.802350,216.274166,219.630986,222.829134,224.984168
3.3411103,213.992859,216.464550,219.812343,222.961332,225.148416
3.3514873,214.182904,216.654436,219.943254,223.014547,225.190808
3.3618965,214.372473,216.843813,220.060293,223.058783,225.231271
3.372338,214.561549,217.032683,220.236336,223.121217,225.269433
3.382812,214.750132,217.221036,220.406299,223.208124,225.302328
3.3933185,214.938220,217.408861,220.575547,223.272593,225.333203
3.4038577,215.125815,217.596167,220.744091,223.428447,225.362030
3.4144295,215.312896,217.782936,220.911904,223.583458,225.388806
3.4250342,215.499465,217.966268,221.078993,223.737599,225.413481
3.4356719,215.685512,218.075094,221.266850,223.878772,225.436065
3.4463426,215.871035,218.255494,221.462096,224.007220,225.456515
3.4570464,216.056035,218.440952,221.649244,224.134556,225.474811
3.4677834,216.240484,218.625859,221.835822,224.239632,225.490933
3.4785539,216.424400,218.815692,222.009702,224.415258,225.504870
3.4893577,216.518515,219.042433,222.169693,224.492314,225.516580
3.5001951,216.560232,219.259151,222.329581,224.501824,225.526984
3.5110662,216.653873,219.489168,222.527056,224.558494,225.675754
3.5219711,216.751166,219.718971,222.724027,224.613394,225.865988
3.5329098,217.043746,219.948542,222.920489,224.765158,226.055638
3.5438825,217.336552,220.180192,223.116436,224.947492,226.244683
3.5548892,217.632921,220.425325,223.311865,225.094716,226.433124
3.5659302,217.938571,220.670334,223.500849,225.276945,226.620952
3.5770054,218.244542,220.845815,223.647572,225.464154,226.808163
3.5881151,218.550834,221.071615,223.842306,225.618157,226.994751
3.5992592,218.857436,221.297145,224.016822,225.775171,227.180713
3.610438,219.008263,221.522406,224.121763,225.921732,227.366030
3.6216514,219.090820,221.747388,224.347557,226.043762,227.561390
3.6328998,219.311162,221.972090,224.573055,226.239000,227.762353
3.644183,219.624437,222.201965,224.782232,226.431627,227.962791
3.6555013,219.943229,222.478490,224.969136,226.623678,228.162704
3.6668547,220.268093,222.756791,225.066628,226.815135,228.362081
3.6782434,220.526954,223.035190,225.174577,227.006013,228.560923
3.6896675,220.762829,223.313675,225.315963,227.196278,228.759219
3.701127,220.998520,223.592255,225.452331,227.385944,228.956958
3.7126222,221.234008,223.852475,225.556647,227.575001,229.154142
3.724153,221.381031,224.096883,225.706634,227.763434,229.350759
3.7357197,221.607808,224.171944,225.870032,227.951247,229.546809
3.7473223,221.924269,224.266471,226.015120,228.138422,229.742282
3.7589609,222.165925,224.495778,226.083651,228.345648,229.943109
3.7706357,222.410166,224.663240,226.279633,228.538341,230.145196
3.7823467,222.654267,224.769313,226.432898,228.724888,230.346735
3.7940941,222.898218,225.021012,226.610066,228.938802,230.547745
3.805878,223.142020,225.284430,226.806311,229.179513,230.748206
3.8176985,223.385663,225.509530,227.036813,229.419991,230.979116
3.8295557,223.629157,225.623654,227.273509,229.643619,231.213407
3.8414497,223.894864,225.724987,227.509954,229.862912,231.443603
3.8533806,224.175092,225.840149,227.706847,230.081814,231.651334
3.8653487,224.455426,225.901376,227.908370,230.296618,231.895067
3.8773539,224.735856,226.186182,228.138094,230.503471,232.138559
3.8893963,224.959243,226.390220,228.362377,230.709808,232.381811
3.9014762,225.074237,226.571121,228.592160,230.898638,232.624824
3.9135936,225.340300,226.617114,228.805168,231.076680,232.867586
3.9257486,225.428018,226.681645,229.048867,231.253976,233.109019
3.9379414,225.472306,226.732336,229.311539,231.430525,233.345500
3.9501721,225.514666,226.768358,229.539798,231.606316,233.581676
3.9624407,225.555104,226.804776,229.765608,231.816574,233.817544
3.9747475,225.593580,226.928931,229.979708,232.039670,234.053096
3.9870924,225.630091,227.081377,230.175040,232.262377,234.288341
3.9994757,225.664599,227.252144,230.345501,232.484694,234.523251
4.0118975,225.730330,227.368265,230.509936,232.687546,234.719728
4.0243579,225.795840,227.552444,230.681625,232.887480,234.912234
4.0368569,225.859621,227.754930,230.890262,233.066932,235.067035
4.0493948,225.921681,227.956909,231.105251,233.245643,235.208151
4.0619716,225.981991,228.158370,231.315201,233.423609,235.348201
4.0745875,226.040539,228.359306,231.514433,233.600808,235.487165
4.0872425,226.097303,228.559724,231.725867,233.775683,235.625033
4.0999369,226.152263,228.759614,231.923508,233.945374,235.761796
4.1126707,226.205408,228.946242,232.119036,234.120771,235.897444
4.125444,226.256705,229.128185,232.295048,234.309254,236.031975
4.138257,226.306145,229.309429,232.475781,234.497038,236.165361
4.1511098,226.353716,229.489971,232.653264,234.684122,236.297601
4.1640025,226.399386,229.669810,232.817283,234.870495,236.428686
4.1769353,226.443144,229.848926,232.991316,235.048574,236.558597
4.1899082,226.484960,230.027325,233.222139,235.213019,236.687331
4.2029215,226.524832,230.204987,233.435195,235.376572,236.814872
4.2159751,226.562727,230.381905,233.636516,235.531484,236.985785
4.2290693,226.598616,230.558082,233.836328,235.705203,237.158003
4.2422042,226.632496,230.733501,234.037091,235.873684,237.329372
4.2553798,226.665964,230.907489,234.247621,236.050732,237.493235
4.2685964,226.719451,231.079740,234.440464,236.217014,237.643351
4.281854,226.771102,231.251196,234.626427,236.377437,237.792317
4.2951528,226.820875,231.421856,234.802445,236.536925,237.940243
4.3084929,226.868769,231.591708,234.950031,236.698435,238.087100
4.3218744,226.914762,231.760751,235.096594,236.891489,238.232895
4.3352975,226.958825,231.928967,235.242120,237.083883,238.377610
4.3487623,227.001135,232.096352,235.423557,237.253975,238.521243
4.3622689,227.050833,232.262906,235.608378,237.431312,238.663763
4.3758174,227.098654,232.428607,235.774111,237.590201,238.805180
4.3894081,227.144558,232.593445,235.932460,237.726210,238.962694
4.4030409,227.188541,232.757419,236.089864,237.862754,239.095757
4.4167161,227.230583,232.920528,236.258543,238.008784,239.229586
4.4304338,227.266937,233.082741,236.415374,238.166637,239.371705
4.444194,227.292112,233.244067,236.564941,238.352555,239.512716
4.457997,227.315145,233.370559,236.713473,238.537737,239.652592
4.4718429,227.336014,233.485552,236.845488,238.722175,239.791332
4.4857317,227.354698,233.599230,236.964048,238.875080,239.928923
4.4996638,227.371175,233.711584,237.098357,239.026620,240.065349
4.513639,227.430263,233.835865,237.252635,239.173549,240.198100
4.5276577,227.488647,233.959236,237.407770,239.319321,240.325037
4.5417199,227.545229,234.081368,237.561916,239.464012,240.450723
4.5558258,227.599978,234.202243,237.715078,239.590989,240.568486
4.5699756,227.652882,234.321849,237.867236,239.712965,240.615260
4.5841692,227.703909,234.440166,238.018383,239.848696,240.660002
4.598407,227.753050,234.557193,238.168506,239.987149,240.764494
4.6126889,227.800290,234.672918,238.312471,240.124455,240.885482
4.6270152,227.845808,234.787315,238.438412,240.260597,241.018040
4.641386,227.889480,234.900379,238.563104,240.395573,241.186214
4.6558015,227.931171,235.012093,238.708329,240.529372,241.353480
4.6702617,227.970891,235.122444,238.854212,240.661968,241.519826
4.6847668,228.008597,235.231431,238.999017,240.796917,241.675804
4.699317,228.044279,235.339025,239.142742,240.902403,241.793944
4.7139124,228.081120,235.445214,239.276346,241.030979,241.910724
4.7285531,228.119276,235.549988,239.402174,241.173914,242.043325
4.7432393,228.155406,235.653329,239.547008,241.343727,242.188089
4.7579711,228.208638,235.763822,239.672715,241.505074,242.332987
4.7727486,228.276322,235.880255,239.782631,241.651596,242.477819
4.787572,228.342282,235.995359,239.891130,241.792963,242.621085
4.8024415,228.406496,236.109129,240.027278,241.930887,242.760279
4.8173572,228.468954,236.221541,240.142327,242.056750,242.898295
4.8323192,228.529625,236.332582,240.276081,242.181337,243.035132
4.8473276,228.588496,236.442248,240.408631,242.304641,243.150434
4.8623827,228.645547,236.550513,240.534286,242.429071,243.277820
4.8774845,228.700765,236.657373,240.643070,242.568607,243.398898
4.8926333,228.754120,236.762802,240.759194,242.706978,243.476490
4.907829,228.805905,236.866806,240.878150,242.844169,243.606853
4.923072,228.857457,236.969354,240.978948,242.980174,243.681833
4.9383623,228.934825,237.070430,241.063687,243.114980,243.730446
4.9537002,229.047980,237.170039,241.165134,243.248580,243.862367
4.9690856,229.089587,237.268143,241.292082,243.375059,243.993054
4.9845188,229.129200,237.364739,241.417808,243.468204,244.122488
5,229.166788,237.450202,241.542252,243.567823,244.250658
5.0133991,229.226956,237.529531,241.651523,243.679847,244.357591
5.0268342,229.285827,237.607691,241.743648,243.767966,244.463539
5.0403052,229.343421,237.684669,241.834685,243.850419,244.568507
5.0538124,229.399696,237.760455,241.924263,243.924795,244.672479
5.0673557,229.544153,237.835049,242.010247,244.008089,244.775452
5.0809354,229.731108,237.908431,242.119233,244.067796,244.877408
5.0945514,229.817687,237.980590,242.231186,244.166762,244.978346
5.1082039,229.872239,238.051517,242.342207,244.266248,245.078256
5.1218931,229.925825,238.121203,242.452292,244.357511,245.177128
5.1356188,229.978222,238.189635,242.561429,244.451621,245.274951
5.1493814,230.029277,238.256805,242.669609,244.508061,245.371716
5.1631809,230.078957,238.322703,242.776832,244.569923,245.467423
5.1770173,230.130381,238.387318,242.883082,244.663270,245.562060
5.1908908,230.180595,238.450629,242.988354,244.755006,245.655618
5.2048015,230.229440,238.512638,243.092639,244.842655,245.748079
5.2187495,230.307967,238.573325,243.195930,244.942183,245.839449
5.2327349,230.420813,238.632679,243.289360,245.042291,245.929701
5.2467577,230.532789,238.690697,243.360289,245.115738,246.018843
5.2608181,230.660964,238.757525,243.444034,245.198576,246.119922
5.2749162,230.793514,238.826148,243.536273,245.291891,246.219460
5.2890521,230.925356,238.893497,243.608627,245.378466,246.317947
5.3032258,231.028347,238.959560,243.671347,245.463600,246.415371
5.3174375,231.089345,239.024338,243.732725,245.547569,246.511733
5.3316874,231.149040,239.087821,243.792744,245.630367,246.607013
5.3459754,231.207441,239.149987,243.877790,245.697472,246.701201
5.3603017,231.264516,239.182812,243.971008,245.762758,246.794305
5.3746664,231.320264,239.162759,244.044871,245.826716,246.886297
5.3890695,231.374675,239.140626,244.119674,245.889337,246.977175
5.4035113,231.427739,239.116398,244.196815,245.950599,247.066930
5.4179918,231.479432,239.090044,244.272737,246.010511,247.155562
5.4325111,231.529746,239.061545,244.347430,246.069046,247.243040
5.4470693,231.578678,239.092625,244.412480,246.126192,247.329374
5.4616665,231.626198,239.163442,244.466247,246.198064,247.414299
5.4763028,231.672315,239.232973,244.521696,246.280316,247.486966
5.4909784,231.716998,239.276463,244.602625,246.361374,247.545860
5.5056933,231.769748,239.208622,244.683397,246.441817,247.603857
5.5204476,231.836272,239.150891,244.764634,246.521977,247.661830
5.5352414,231.901832,239.090743,244.844676,246.600926,247.718423
5.5500749,231.966485,239.028167,244.923519,246.678666,247.773616
5.5649482,232.029860,238.963131,245.001141,246.755175,247.827420
5.5798613,232.091955,238.895612,245.077542,246.830453,247.879802
5.5948143,232.152748,238.825582,245.173182,246.904488,247.930763
5.6098075,232.212240,238.753026,245.267577,246.977273,247.980284
5.6248408,232.270410,238.677914,245.326950,247.048785,248.028355
5.6399144,232.327256,238.600214,245.384925,247.116707,248.074964
5.6550284,232.382757,238.519913,245.441496,247.183193,248.120101
5.6701829,232.436903,238.436981,245.496647,247.248358,248.163748
5.685378,232.489683,238.386566,245.550363,247.317632,248.205903
5.7006139,232.541086,238.476041,245.594900,247.378724,248.246537
5.7158905,232.591100,238.634043,245.603582,247.446188,248.285648
5.7312081,232.639715,238.791380,245.610430,247.512516,248.323227
5.7465668,232.686910,238.958997,245.615422,247.574074,248.359255
5.7619666,232.749288,239.144181,245.632942,247.633660,248.394587
5.7774077,232.815161,239.325056,245.652849,247.691853,248.428596
5.7928901,232.879773,239.505510,245.671017,247.748664,248.461021
5.8084141,232.943094,239.685524,245.687428,247.804074,248.491862
5.8239797,233.005122,239.865110,245.702074,247.858469,248.542715
5.8395869,233.065847,240.044244,245.724397,247.923450,248.602479
5.855236,233.125257,240.222929,245.749716,247.987094,248.660861
5.870927,233.183332,240.401162,245.773343,248.040110,248.717850
5.8866601,233.240072,240.534449,245.795276,248.088561,248.773435
5.9024353,233.295463,240.580565,245.815496,248.135539,248.827608
5.9182529,233.349487,240.625201,245.833975,248.181024,248.880348
5.9341128,233.402131,240.668338,245.850714,248.225005,248.931653
5.9500152,233.453395,240.709969,245.865691,248.267481,248.981513
5.9659602,233.503257,240.750082,245.878890,248.308422,249.029899
5.9819479,233.551697,240.788649,245.890300,248.347830,249.076809
5.9979785,233.598714,240.825679,245.905259,248.385180,249.122235
6.0140521,233.662495,240.869808,245.931566,248.418659,249.162756
6.0301687,233.727617,240.913688,245.956653,248.450648,249.201235
6.0463285,233.791455,240.956071,245.980065,248.481025,249.238166
6.0625316,233.853986,240.996936,246.001795,248.509774,249.273512
6.0787782,233.915211,241.056145,246.021827,248.536881,249.307281
6.0950683,233.975118,241.156729,246.040152,248.562319,249.338543
6.111402,234.033686,241.256261,246.056744,248.586093,249.352232
6.1277795,234.090914,241.354739,246.071591,248.613310,249.364165
6.1442009,234.146791,241.452152,246.084678,248.639168,249.374313
6.1606663,234.201287,241.548488,246.095989,248.661807,249.382675
6.1771758,234.260010,241.643744,246.105515,248.682111,249.389231
6.1937296,234.318641,241.737893,246.113233,248.698420,249.393961
6.2103277,234.375935,241.830948,246.119129,248.719871,249.396854
6.2269704,234.431860,241.922882,246.123187,248.739619,249.397891
6.2436576,234.486414,242.013698,246.125396,248.757655,249.397050
6.2603895,234.550844,242.096571,246.129726,248.771044,249.394793
6.2771663,234.580241,242.174091,246.127789,248.774554,249.390926
6.293988,234.640845,242.250358,246.120126,248.774095,249.385130
6.3108548,234.704909,242.325375,246.110520,248.771753,249.377422
6.3277668,234.675980,242.399135,246.098945,248.767501,249.378085
6.3447241,234.606150,242.471622,246.085386,248.761335,249.376915
6.3617269,234.653445,242.542828,246.069827,248.753236,249.373853
6.3787752,234.706794,242.563781,246.052247,248.746046,249.368896
6.3958693,234.759780,242.576816,246.032631,248.741908,249.362015
6.4130091,234.817036,242.588077,246.010962,248.735831,249.353190
6.4301949,234.872931,242.597544,245.987215,248.727805,249.342420
6.4474267,234.927443,242.605206,245.956106,248.717816,249.329684
6.4647047,234.980572,242.611038,245.918209,248.704151,249.314954
6.482029,235.032285,242.615044,245.878106,248.687183,249.298968
6.4993997,235.082592,242.616943,245.835753,248.668175,249.281044
6.516817,235.152189,242.626357,245.841645,248.650543,249.262181
6.5342809,235.221270,242.634483,245.851779,248.630981,249.241289
6.5517917,235.289076,242.640801,245.823165,248.609353,249.218322
6.5693494,235.355596,242.645300,245.792428,248.580189,249.193259
6.5869541,235.420827,242.647967,245.759531,248.544082,249.166079
6.604606,235.484761,242.648773,245.738757,248.505775,249.136762
6.6223052,235.547374,242.647711,245.719248,248.465241,249.112209
6.6400518,235.608657,242.644763,245.697673,248.422468,249.085761
6.657846,235.668607,242.639913,245.674012,248.377424,249.057187
6.6756879,235.727195,242.633139,245.648244,248.330100,249.026476
6.6935776,235.784428,242.624430,245.620358,248.280476,248.993608
6.7115153,235.840286,242.613758,245.590329,248.228522,248.958572
6.729501,235.894890,242.601117,245.558139,248.174223,248.921336
6.7475349,235.949359,242.581871,245.523769,248.117555,248.881891
6.7656171,236.020452,242.572862,245.498379,248.070724,248.843823
6.7837478,236.093142,242.564284,245.473770,248.032007,248.804098
6.8019271,236.164592,242.553743,245.457492,247.991063,248.762133
6.8201551,236.234789,242.541219,245.439172,247.947875,248.717926
6.8384319,236.303703,242.526697,245.418789,247.902419,248.671435
6.8567577,236.371343,242.510150,245.396317,247.854685,248.622641
6.8751327,236.437679,242.491566,245.371740,247.804640,248.571543
6.8935568,236.502718,242.473727,245.345040,247.752268,248.518090
6.9120304,236.566441,242.449385,245.316199,247.697554,248.462292
6.9305535,236.628835,242.412577,245.285198,247.640460,248.404107
6.9491261,236.689890,242.373496,245.252012,247.580983,248.343514
6.9677486,236.749585,242.332141,245.216626,247.519085,248.280504
6.986421,236.807918,242.288473,245.179011,247.454760,248.215045
7.0051434,236.869999,242.247783,245.143722,247.390281,248.149502
7.023916,236.944355,242.218874,245.118344,247.332632,248.087858
7.0427389,237.017461,242.187782,245.090832,247.340240,248.023775
7.0616122,237.089309,242.156035,245.061171,247.297287,247.957241
7.0805361,237.159896,242.201657,245.029338,247.223889,247.888226
7.0995107,237.229202,242.245756,244.995319,247.147138,247.816708
7.1185362,237.297226,242.244167,244.959087,247.066903,247.742667
7.1376126,237.363945,242.205235,244.932880,246.981919,247.666073
7.1567402,237.429361,242.164049,244.922894,246.894277,247.586904
7.1759191,237.501710,242.120598,244.910887,246.803958,247.505149
7.1951493,237.596114,242.074841,244.854871,246.710938,247.431692
7.214431,237.689430,242.026772,244.784680,246.615186,247.339739
7.2337645,237.781666,241.976372,244.688579,246.516306,247.255312
7.2531497,237.876275,241.931316,244.596380,246.415894,247.166942
7.2725869,237.987888,241.908456,244.535736,246.324866,247.086342
7.2920762,238.098551,241.883494,244.472653,246.231623,247.003138
7.3116177,238.206928,241.856416,244.407850,246.144862,246.917299
7.3312116,238.271796,241.827203,244.341064,246.047971,246.828804
7.350858,238.335325,241.795833,244.242461,245.950896,246.737623
7.370557,238.397516,241.762278,244.146648,245.850529,246.643743
7.3903089,238.458346,241.726534,244.069725,245.765681,246.547124
7.4101136,238.517804,241.688570,243.990203,245.678158,246.447745
7.4299714,238.575880,241.648360,243.908054,245.577691,246.330108
7.4498825,238.632551,241.605896,243.819968,245.459338,246.199259
7.4698469,238.687817,241.561142,243.700387,245.338025,246.065324
7.4898648,238.741666,241.514084,243.577844,245.213703,245.928253
7.5099364,238.802721,241.487362,243.474269,245.154338,245.798509
7.5300617,238.871268,241.486210,243.415523,245.061345,245.676448
7.550241,238.938508,241.483151,243.326777,244.961842,245.551375
7.5704743,239.004419,241.443456,243.252571,244.855424,245.423277
7.5907619,239.069010,241.394980,243.175801,244.745905,245.292105
7.6111038,239.132240,241.344190,243.082274,244.633487,245.224625
7.6315003,239.194118,241.291051,243.003665,244.518160,245.225321
7.6519514,239.254633,241.235546,242.922450,244.399891,245.209134
7.6724573,239.313762,241.177650,242.838607,244.278642,245.098808
7.6930182,239.371486,241.117343,242.731635,244.154397,244.981677
7.7136341,239.427811,241.054604,242.606771,244.027126,244.861595
7.7343054,239.482719,240.990679,242.500738,243.941341,244.738532
7.755032,239.538278,240.950370,242.402464,243.807793,244.617104
7.7758141,239.554881,240.881479,242.358325,243.687335,244.507257
7.796652,239.486200,240.867979,242.299696,243.563878,244.394522
7.8175457,239.535219,240.815690,242.240294,243.437412,244.278887
7.8384953,239.586418,240.743188,242.161155,243.307901,244.189997
7.8595012,239.636152,240.687785,242.069872,243.180868,244.065525
7.8805633,239.684389,240.631517,241.958300,243.101038,243.934374
7.9016818,239.731138,240.533025,241.830627,242.972014,243.800125
7.922857,239.776376,240.442211,241.743485,242.861567,243.662748
7.9440889,239.820081,240.370920,241.633776,242.729149,243.523081
7.9653777,239.810733,240.349552,241.579735,242.590197,243.378884
7.9867235,239.691139,240.357687,241.433662,242.481380,243.232997
8.0081266,239.577027,240.309532,241.315276,242.363677,243.090331
8.029587,239.468338,240.215479,241.233820,242.283454,242.955081
8.0511049,239.356758,240.119291,241.134754,242.198631,242.816697
8.0726805,239.242276,240.086714,241.001547,242.155299,242.701014
8.0943139,239.124860,240.014696,240.934405,242.028663,242.560712
8.1160052,239.022164,239.908500,240.820026,241.918810,242.507570
8.1377547,239.050048,239.788879,240.717312,241.821694,242.404018
8.1595625,239.076271,239.627730,240.636533,241.697322,242.355242
8.1814287,238.915145,239.506091,240.577831,241.566309,242.197546
8.2033536,238.738828,239.347066,240.475619,241.460764,242.082544
8.2253371,238.558979,239.187182,240.382437,241.393002,241.972316
8.2473796,238.381645,239.013106,240.325517,241.296511,241.870613
8.2694812,238.237243,238.857493,240.220868,241.231944,241.793034
8.291642,238.067563,238.724642,240.112580,241.125649,241.714083
8.3138622,237.894439,238.552694,240.004221,240.985818,241.632482
8.3361419,237.717809,238.377250,239.860406,240.894653,241.548209
8.3584813,237.537662,238.297335,239.713607,240.812268,241.461224
8.3808806,237.414957,238.125276,239.564772,240.765219,241.379682
8.4033399,237.411293,237.941863,239.451558,240.765360,241.307146
8.4258594,237.232945,237.754839,239.330270,240.763540,241.232014
8.4484393,237.051032,237.567049,239.168898,240.730508,241.154266
8.4710797,236.865532,237.401396,239.008149,240.655069,241.073870
8.4937807,236.676394,237.203290,238.884590,240.575427,240.990792
8.5165426,236.517104,237.054200,238.760165,240.501700,240.921368
8.5393654,236.367153,236.924419,238.620648,240.414177,240.899049
8.5622495,236.213933,236.797129,238.477942,240.330094,240.874563
8.5851948,236.057441,236.666772,238.332005,240.243169,240.847885
8.6082017,235.897678,236.533318,238.206735,240.153752,240.819003
8.6312702,235.781818,236.396731,238.082505,240.061438,240.787884
8.6544005,235.602515,236.254263,237.957930,239.963622,240.754516
8.6775928,235.428401,236.077056,237.830271,239.861017,240.718875
8.7008473,235.267899,235.918636,237.699501,239.744112,240.680929
8.724164,235.087455,235.777766,237.572072,239.620025,240.640664
8.7475433,234.903933,235.620758,237.468442,239.492834,240.598048
8.7709852,234.763341,235.494690,237.336536,239.382511,240.544287
8.79449,234.625091,235.369613,237.195623,239.288955,240.486996
8.8180577,234.483721,235.238405,237.073846,239.192599,240.427197
8.8416886,234.339188,235.092351,236.949046,239.093411,240.364857
8.8653828,234.191481,234.943112,236.821196,238.997818,240.299605
8.8891405,234.040549,234.790666,236.690264,238.906445,240.227761
8.9129618,233.886465,234.634973,236.556222,238.804162,240.153241
8.936847,233.734908,234.475992,236.419037,238.695454,240.076030
8.9607963,233.580083,234.312511,236.278668,238.583780,239.998885
8.9848097,233.421969,234.132226,236.127187,238.469106,239.920035
9.0088874,233.280710,233.959652,235.979997,238.356320,239.839051
9.0330297,233.170997,233.803119,235.848310,238.248972,239.756341
9.0572366,233.058453,233.643136,235.711417,238.138679,239.670846
9.0815085,232.943056,233.494931,235.571388,238.025396,239.582552
9.1058454,232.824773,233.357003,235.428210,237.909118,239.492372
9.1302475,232.703574,233.221481,235.299749,237.789794,239.405006
9.154715,232.579436,233.086445,235.176586,237.665896,239.314807
9.179248,232.452328,232.948344,235.037886,237.525558,239.221751
9.2038468,232.322209,232.807148,234.890680,237.379502,239.125813
9.2285116,232.181935,232.663060,234.764715,237.229705,239.026948
9.2532424,232.039336,232.524542,234.607876,237.121695,238.926617
9.2780395,231.935049,232.440562,234.479685,237.006635,238.833195
9.302903,231.827987,232.355206,234.351234,236.878190,238.736627
9.3278332,231.666727,232.267255,234.231513,236.746568,238.635562
9.3528302,231.491203,232.176695,234.108813,236.611753,238.531524
9.3778942,231.371375,232.058901,233.976746,236.473695,238.424465
9.4030253,231.248940,231.915387,233.839815,236.332367,238.314372
9.4282238,231.126932,231.798426,233.699721,236.187730,238.201207
9.4534899,231.001971,231.649971,233.556454,236.039755,238.084926
9.4788236,230.874043,231.494154,233.409960,235.888400,237.965501
9.5042252,230.749355,231.341136,233.265617,235.737687,237.845949
9.5296949,230.653153,231.223645,233.144067,235.604071,237.738578
9.5552328,230.554259,231.116598,232.998659,235.467228,237.628156
9.5808392,230.440484,231.007063,232.849956,235.327138,237.514669
9.6065142,230.316874,230.903518,232.697923,235.183753,237.398059
9.632258,230.161118,230.774884,232.542523,235.037037,237.278300
9.6580708,230.060855,230.677209,232.393965,234.886956,237.135243
9.6839528,229.944412,230.562342,232.229641,234.733475,236.956194
9.7099041,229.843596,230.445233,232.057145,234.576559,236.866676
9.735925,229.740068,230.325250,231.919318,234.416157,236.774317
9.7620156,229.646864,230.215300,231.805180,234.265605,236.666690
9.7881761,229.566410,230.117764,231.712218,234.127401,236.559025
9.8144068,229.483452,230.017569,231.584961,233.985935,236.448305
9.8407077,229.383316,229.911012,231.452745,233.841152,236.334504
9.8670791,229.280102,229.806107,231.282579,233.693038,236.214704
9.8935212,229.174139,229.706151,231.142686,233.541539,236.090164
9.9200341,229.065405,229.609475,231.005153,233.386627,235.954136
9.9466181,228.927687,229.495151,230.838426,233.228264,235.782101
9.9732733,228.811416,229.349020,230.668807,233.066410,235.658978
10,228.697847,229.174670,230.515974,232.901023,235.532644
10.17063,227.852712,228.355503,229.660463,232.023596,234.821156
10.344171,226.945957,227.603431,228.752052,231.241619,234.048783
10.520673,226.022661,226.753415,227.950562,230.423526,233.359496
10.700187,225.115569,225.940421,227.084724,229.574842,232.499565
10.882763,224.187258,225.046355,226.340063,228.685190,231.742893
11.068456,223.203459,224.153200,225.554393,227.798724,230.970158
11.257316,222.214126,223.199190,224.736394,226.898997,230.185427
11.449399,221.268678,222.291467,223.956003,226.036009,229.437846
11.64476,220.350721,221.406319,223.212710,225.321965,228.689321
11.843454,219.439329,220.529554,222.378465,224.709458,227.935198
12.045538,218.513457,219.664168,221.555736,224.067299,227.176742
12.251071,217.563679,218.809473,220.699964,223.339771,226.408955
12.46011,216.613739,217.981690,219.865676,222.541188,225.668793
12.672717,215.647763,217.056977,219.019069,221.725952,224.932963
12.888951,214.823610,216.103396,218.190465,220.895343,224.183253
13.108874,214.173259,215.209820,217.303264,220.048265,223.353694
13.332551,213.448599,214.320400,216.378853,219.185550,222.540186
13.560043,212.506467,213.445645,215.438276,218.450245,221.746351
13.791418,211.591037,212.586364,214.576167,217.720203,220.975461
14.02674,210.680719,211.735633,213.626243,217.099814,220.299565
14.266078,209.752134,211.047867,212.707252,216.502929,219.684158
14.509499,208.787346,210.067102,211.837518,215.928502,219.092327
14.757074,207.842184,209.225902,210.978873,215.374766,218.522321
15.008874,206.974992,208.481271,210.193195,214.828401,217.972531
15.26497,206.210160,207.754266,209.433772,214.298637,217.441341
15.525435,205.462325,206.955639,208.676719,213.783893,216.926819
15.790345,204.730897,206.092624,207.995807,213.237532,216.427383
16.059775,204.015370,205.215546,207.310422,212.705680,215.942749
16.333802,203.214339,204.316770,206.576353,212.187114,215.471750
16.612505,202.261422,203.541809,205.747513,211.680631,215.013130
16.895964,201.321751,202.803248,204.958198,211.173409,214.565660
17.184259,200.395378,201.899398,204.203568,210.671383,214.128092
17.477473,199.482035,201.059149,203.481604,210.178262,213.699137
17.775691,198.590918,200.371605,202.742712,209.700887,213.309227
18.078997,197.721139,199.586309,202.106163,209.237850,212.933412
18.387478,196.941084,198.880504,201.554895,208.780545,212.562088
18.701223,196.202885,198.155837,200.943881,208.327710,212.193996
19.020321,195.481786,197.361792,200.197869,207.883422,211.833044
19.344864,194.751774,196.608744,199.475091,207.454668,211.485929
19.674944,193.982763,195.839363,198.801500,207.026995,211.138727
20.010657,193.222146,195.078664,198.168363,206.601599,210.792559
20.352098,192.486751,194.341841,197.557571,206.192833,210.461292
20.699365,191.794877,193.609353,196.948050,205.781714,210.126574
21.052558,191.125294,192.913261,196.350295,205.377776,209.783597
21.411776,190.467047,192.229785,195.763069,204.974371,209.429785
21.777125,189.813886,191.551149,195.178948,204.569768,209.074764
22.148707,189.177451,190.889818,194.609856,204.176095,208.729370
22.526629,188.541881,190.230324,194.040995,203.808871,208.380134
22.911,187.920828,189.586692,193.485833,203.435916,208.039370
23.30193,187.302422,188.946671,192.932613,203.061037,207.696348
23.69953,186.638589,188.316230,192.387110,202.689535,207.356363
24.103914,185.980705,187.693036,191.849051,202.321268,207.029639
24.515198,185.325191,187.051444,191.311274,201.949652,206.711154
24.9335,184.683722,186.423772,190.784914,201.585096,206.398660
25.358939,184.078977,185.801154,190.261586,201.219888,206.084531
25.791637,183.487598,185.182300,189.740069,200.852949,205.767691
26.231719,182.902237,184.570531,189.223603,200.487366,205.451187
26.67931,182.325184,183.970156,188.714440,200.125369,205.137236
27.134538,181.751336,183.377902,188.207527,199.762287,204.821189
27.597533,181.181159,182.790000,187.703332,199.398593,204.503531
28.068429,180.614957,182.219734,187.202131,199.034646,204.184610
28.547359,180.052911,181.669513,186.708399,198.670687,203.863568
29.034462,179.495115,181.123403,186.241361,198.306858,203.540993
29.529876,178.941539,180.581405,185.776780,197.943218,203.217658
30.033743,178.392118,180.043411,185.314600,197.579753,202.893554
30.546207,177.846674,179.513202,184.854721,197.216387,202.568608
31.067416,177.305017,178.986624,184.396956,196.852984,202.242691
31.597518,176.766884,178.463345,183.941088,196.489365,201.915630
32.136665,176.231989,177.943066,183.486864,196.125301,201.587205
32.685012,175.699986,177.425447,183.033975,195.760523,201.257154
33.242715,175.170511,176.910131,182.582091,195.394729,200.919713
33.809934,174.647728,176.387844,182.135328,195.032079,200.568091
34.386831,174.127643,175.864420,181.689808,194.668725,200.215541
34.973572,173.609232,175.342803,181.244523,194.303686,199.861050
35.570325,173.096793,174.827328,180.803758,193.941307,199.509038
36.17726,172.587213,174.314838,180.364462,193.578556,199.155648
36.794551,172.080916,173.800494,179.927081,193.215919,198.801911
37.422375,171.579540,173.282575,179.493273,192.855107,198.449814
38.060912,171.081374,172.768253,179.061365,192.494468,198.097656
38.710343,170.587178,172.258286,178.632140,192.134835,197.746286
39.370856,170.098320,171.754051,178.206995,191.777666,197.397192
40.04264,169.612224,171.252907,177.783385,191.420413,197.047766
40.725886,169.127376,170.756941,177.363399,191.065243,196.700223
41.42079,168.633982,170.267016,176.937308,190.713117,196.355548
42.127551,168.144977,169.781444,176.510468,190.362425,196.023312
42.846372,167.660843,169.310511,176.087359,190.013732,195.696740
43.577457,167.181941,168.849128,175.668376,189.667493,195.372017
44.321018,166.708532,168.392925,175.253806,189.324058,195.049522
45.077266,166.240786,167.942080,174.843854,188.983690,194.729543
45.846417,165.778795,167.496694,174.438642,188.646569,194.412288
46.628693,165.322583,167.056794,174.038221,188.312804,194.097894
47.424316,164.872109,166.622352,173.642584,187.982444,193.786430
48.233515,164.424962,166.190742,173.248977,187.652439,193.474641
49.056522,163.942642,165.723513,172.816603,187.276522,193.102055
49.893571,163.418801,165.214327,172.338712,186.846970,192.671052
50.744903,162.864092,164.673831,171.826531,186.376351,192.195333
51.610761,162.292299,164.115820,171.294501,185.880635,191.691960
52.491394,161.711206,163.548105,170.751020,185.369573,191.171603
53.387052,161.133409,162.983323,170.209393,184.858052,190.650175
54.297993,160.566729,162.420327,169.678100,184.355968,190.146029
55.224478,160.021004,161.876666,169.167686,183.875381,189.665164
56.166771,159.504754,161.362889,168.687360,183.426972,189.218223
57.125142,159.025541,160.886737,168.245372,183.020413,188.815732
58.099866,158.590927,160.458379,167.849973,182.665383,188.468215
59.091222,158.208073,160.083305,167.509013,182.371151,188.185776
60.099493,157.883726,159.767629,167.229926,182.146544,187.978041
61.124968,157.587700,159.480611,166.980357,181.954512,187.805007
62.167941,157.296097,159.197903,166.734610,181.765503,187.634720
63.22871,157.008857,158.919448,166.492633,181.579474,187.467137
64.307579,156.725924,158.645189,166.254371,181.396377,187.302221
65.404856,156.447238,158.375067,166.019774,181.216174,187.139930
66.520856,156.172742,158.109026,165.788788,181.038819,186.980224
67.655899,155.902381,157.847012,165.561363,180.864269,186.823066
68.810309,155.636098,157.588969,165.337449,180.692483,186.668413
69.984416,155.373837,157.334841,165.116996,180.523419,186.516232
71.178558,155.115543,157.084577,164.899953,180.357036,186.366482
72.393074,154.861163,156.838121,164.686273,180.193296,186.219126
73.628315,154.610643,156.595422,164.475906,180.032157,186.074129
74.884631,154.363928,156.356428,164.268807,179.873581,185.931455
76.162385,154.120968,156.121087,164.064927,179.717527,185.791065
77.46194,153.881710,155.889347,163.864220,179.563961,185.652930
78.78367,153.646102,155.661158,163.666640,179.412841,185.517011
80.127953,153.414096,155.436471,163.472142,179.264133,185.383275
81.495173,153.185638,155.215237,163.280681,179.117799,185.251687
82.885722,152.960680,154.997405,163.092213,178.973805,185.122219
84.299997,152.739174,154.782930,162.906694,178.832112,184.994831
85.738405,152.521069,154.571762,162.724082,178.692686,184.869497
87.201356,152.306320,154.363856,162.544332,178.555495,184.746182
88.689269,152.094878,154.159163,162.367405,178.420500,184.624856
90.20257,151.886695,153.957640,162.193258,178.287273,184.505486
91.741693,151.681728,153.759241,162.021849,178.155036,184.388046
93.307078,151.479928,153.563919,161.853140,178.024921,184.272501
94.899173,151.281251,153.371632,161.687089,177.896895,184.158825
96.518433,151.085653,153.184580,161.523658,177.770929,184.046987
98.165323,150.893089,153.003256,161.362806,177.646988,183.936958
99.840314,150.703515,152.824764,161.204498,177.525042,183.828713
101.54389,150.516890,152.649062,161.048692,177.405062,183.722221
103.27652,150.333170,152.476111,160.895354,177.287015,183.617455
105.03873,150.152311,152.305870,160.744446,177.170869,183.514389
106.831,149.974276,152.138300,160.595931,177.056600,183.412994
108.65385,149.799021,151.973360,160.449775,176.944174,183.313247
110.50781,149.626505,151.811012,160.305938,176.833567,183.215121
112.3934,149.456690,151.651219,160.164391,176.724746,183.118588
114.31116,149.289536,151.493942,160.025095,176.617686,183.023625
116.26165,149.125002,151.339144,159.888018,176.512359,182.930209
118.24542,148.963053,151.186790,159.753125,176.408738,182.838313
120.26303,148.803648,151.036841,159.620386,176.306795,182.747914
122.31508,148.646751,150.889262,159.489764,176.206505,182.658986
124.40213,148.492324,150.744018,159.361231,176.107844,182.571508
126.5248,148.340333,150.601075,159.234752,176.010782,182.485458
128.68369,148.190737,150.460397,159.110298,175.915297,182.400812
130.87941,148.043505,150.321951,158.987836,175.821363,182.317548
133.1126,147.898600,150.185703,158.867337,175.728957,182.235642
135.3839,147.755987,150.051620,158.748769,175.638052,182.155076
137.69395,147.615633,149.919670,158.632105,175.548627,182.075825
140.04342,147.477502,149.789820,158.517314,175.460658,181.997872
142.43297,147.341564,149.658583,158.404369,175.374121,181.921194
144.8633,147.207784,149.527682,158.293239,175.288996,181.845769
147.3351,147.076129,149.398864,158.183896,175.205257,181.771580
149.84907,146.946568,149.272100,158.076317,175.122883,181.698607
152.40594,146.819068,149.147358,157.970469,175.041856,181.626828
155.00643,146.693600,149.024605,157.866328,174.962151,181.556229
157.6513,146.570133,148.903813,157.763867,174.883747,181.486783
160.3413,146.448635,148.784954,157.663061,174.806625,181.418479
163.0772,146.329077,148.667993,157.563882,174.730762,181.351295
165.85978,146.211429,148.552907,157.466307,174.656141,181.285214
168.68983,146.095664,148.439665,157.370309,174.582741,181.220218
171.56818,145.981751,148.328238,157.275865,174.510542,181.156290
174.49564,145.869662,148.218597,157.182950,174.439523,181.093412
177.47305,145.759369,148.110719,157.091540,174.369670,181.031569
180.50127,145.650846,148.004572,157.001611,174.300961,180.970741
183.58116,145.544063,147.900132,156.913142,174.233376,180.910914
186.71359,145.438997,147.797374,156.826108,174.166901,180.852073
189.89948,145.335619,147.696269,156.740486,174.101518,180.794199
193.13973,145.233903,147.596791,156.656256,174.037206,180.737277
196.43526,145.133825,147.498919,156.573395,173.973951,180.681296
199.78703,145.035357,147.402625,156.491881,173.911734,180.626233
203.19599,144.938477,147.307884,156.411692,173.850540,180.572079
206.66311,144.843158,147.214674,156.332811,173.790350,180.518817
210.1894,144.749378,147.122969,156.255212,173.731149,180.466436
213.77585,144.657112,147.032748,156.178878,173.672924,180.414916
217.4235,144.566335,146.943987,156.103788,173.615656,180.364248
221.13339,144.477028,146.856661,156.029923,173.559329,180.314414
224.90658,144.389164,146.770751,155.957263,173.503932,180.265405
228.74415,144.302721,146.686232,155.885789,173.449444,180.217204
232.6472,144.217680,146.603084,155.815482,173.395856,180.169799
236.61685,144.134015,146.521287,155.746323,173.343150,180.123176
240.65423,144.051707,146.440814,155.678295,173.291311,180.077326
244.76051,143.970734,146.361650,155.611380,173.240328,180.032232
248.93684,143.891075,146.283772,155.545558,173.190186,179.987885
253.18444,143.812708,146.207161,155.480815,173.140870,179.944270
257.50452,143.735616,146.131795,155.417130,173.092368,179.901377
261.89831,143.659775,146.057656,155.354488,173.044668,179.859194
266.36707,143.585169,145.984724,155.292872,172.997752,179.817707
270.91208,143.511776,145.912979,155.232267,172.951613,179.776909
275.53464,143.439579,145.842404,155.172657,172.906236,179.736786
280.23608,143.368557,145.772980,155.114550,172.861609,179.697326
285.01773,143.298693,145.704689,155.058355,172.817720,179.658523
289.88098,143.229966,145.637511,155.003084,172.774553,179.620360
294.82721,143.162359,145.571430,154.948720,172.732105,179.582827
299.85783,143.095859,145.506429,154.895250,172.690354,179.545922
304.97429,143.030441,145.442491,154.842659,172.649296,179.509623
310.17806,142.966093,145.379597,154.790932,172.608918,179.473930
315.47061,142.902796,145.317733,154.740057,172.569205,179.438826
320.85347,142.840533,145.256879,154.690019,172.530152,179.404306
326.32818,142.779290,145.197022,154.640806,172.491744,179.370357
331.89631,142.719047,145.138146,154.592401,172.453975,179.336974
337.55944,142.659789,145.080235,154.544794,172.416829,179.304141
343.3192,142.601503,145.023272,154.497972,172.380298,179.271856
349.17725,142.544172,144.967242,154.451921,172.344376,179.240107
355.13524,142.487778,144.912294,154.406630,172.309044,179.208884
361.1949,142.432310,144.858304,154.362085,172.274302,179.178181
367.35795,142.377752,144.805202,154.318274,172.240133,179.147986
373.62617,142.324088,144.752971,154.275188,172.206533,179.118296
380.00134,142.271305,144.701597,154.232811,172.173489,179.089094
386.48528,142.219386,144.651069,154.191135,172.140993,179.060381
393.07987,142.168324,144.601371,154.150147,172.109038,179.032146
399.78697,142.118097,144.552490,154.109837,172.077611,179.004377
406.60852,142.068698,144.504411,154.070191,172.046706,178.977073
413.54647,142.020108,144.457125,154.031202,172.016316,178.950219
420.60279,141.972319,144.410618,153.992856,171.986430,178.923815
427.77952,141.925316,144.364876,153.955143,171.957039,178.897851
435.0787,141.879087,144.319884,153.918056,171.928137,178.872317
442.50243,141.833617,144.275638,153.881582,171.899716,178.847208
450.05284,141.788896,144.232119,153.845712,171.871764,178.822513
457.73207,141.744913,144.189316,153.810434,171.844279,178.798235
465.54233,141.701654,144.147221,153.775741,171.817252,178.774358
473.48586,141.659107,144.105818,153.741622,171.790672,178.750880
481.56493,141.617263,144.065100,153.708068,171.764535,178.727790
489.78185,141.576107,144.025052,153.675070,171.738833,178.705088
498.13898,141.535631,143.985665,153.642618,171.713557,178.682761
506.63871,141.495824,143.946930,153.610706,171.688701,178.660808
515.28346,141.456672,143.908834,153.579320,171.664261,178.639220
524.07572,141.418165,143.871368,153.548457,171.640224,178.617994
533.01801,141.380296,143.834519,153.518105,171.616592,178.597118
542.11287,141.343052,143.798281,153.488255,171.593349,178.576592
551.36292,141.306423,143.762643,153.458901,171.570494,178.556406
560.7708,141.270399,143.727590,153.430034,171.548022,178.536556
570.33921,141.234971,143.693121,153.401645,171.525921,178.517043
580.07089,141.200129,143.659220,153.373727,171.504190,178.497849
589.96861,141.165861,143.625880,153.346274,171.482819,178.478977
600.03522,141.132162,143.593093,153.319276,171.461806,178.460420
610.2736,141.099021,143.560849,153.292726,171.441140,178.442172
620.68667,141.066428,143.529138,153.266618,171.420822,178.424226
631.27742,141.034373,143.497951,153.240943,171.400838,178.406582
642.04888,141.002849,143.467282,153.215694,171.381190,178.389233
653.00414,140.971846,143.437120,153.190865,171.361869,178.372172
664.14632,140.941359,143.407459,153.166448,171.342873,178.355397
675.47862,140.911375,143.378290,153.142440,171.324189,178.338900
687.00429,140.881890,143.349604,153.118828,171.305818,178.322678
698.72661,140.852894,143.321394,153.095609,171.287753,178.306731
710.64896,140.824376,143.293650,153.072776,171.269990,178.291047
722.77473,140.796330,143.266369,153.050324,171.252523,178.275625
735.10741,140.768754,143.239538,153.028245,171.235350,178.260457
747.65051,140.741631,143.213155,153.006532,171.218458,178.245547
760.40764,140.714959,143.187207,152.985181,171.201852,178.230883
773.38245,140.688729,143.161692,152.964185,171.185521,178.216467
786.57864,140.662935,143.136600,152.943538,171.169462,178.202290
800,140.637569,143.111922,152.923236,171.153671,178.188347
chi2_radial,646.6990,687.2370,1079.6530,1311.2780,1494.2330
